Ticker,Direction,Regime,Structure,AI_Proba,Hist_WinRate,EV,Kelly_Pos,Score,Risk,Health
1217.TW,做多(Long),趨勢多頭,多方進場,0.65,0.65,0.3,0.0563,0.65,樣本數不足 (0/10)，熱身中,KEEP
6909.TW,做多(Long),趨勢多頭,多方進場,0.65,0.65,0.3,0.0563,0.65,樣本數不足 (0/10)，熱身中,KEEP
2434.TW,做多(Long),趨勢多頭,多方進場,0.62,0.62,0.24,0.045,0.62,樣本數不足 (0/10)，熱身中,KEEP
2206.TW,做多(Long),趨勢多頭,多方進場,0.62,0.62,0.24,0.045,0.62,樣本數不足 (0/10)，熱身中,KEEP
2337.TW,做多(Long),趨勢多頭,多方進場,0.62,0.62,0.24,0.045,0.62,樣本數不足 (0/10)，熱身中,KEEP
6269.TW,做多(Long),趨勢多頭,多方進場,0.62,0.62,0.24,0.045,0.62,樣本數不足 (0/10)，熱身中,KEEP
2102.TW,做多(Long),趨勢多頭,多方進場,0.62,0.62,0.24,0.045,0.62,樣本數不足 (0/10)，熱身中,KEEP
2850.TW,做多(Long),趨勢多頭,多方進場,0.62,0.62,0.24,0.045,0.62,樣本數不足 (0/10)，熱身中,KEEP
9919.TW,做多(Long),趨勢多頭,多方進場,0.62,0.62,0.24,0.045,0.62,樣本數不足 (0/10)，熱身中,KEEP
1527.TW,做多(Long),趨勢多頭,多方進場,0.62,0.62,0.24,0.045,0.62,樣本數不足 (0/10)，熱身中,KEEP
1463.TW,做多(Long),趨勢多頭,多方進場,0.62,0.62,0.24,0.045,0.62,樣本數不足 (0/10)，熱身中,KEEP
7780.TW,做多(Long),趨勢多頭,多方進場,0.62,0.62,0.24,0.045,0.62,樣本數不足 (0/10)，熱身中,KEEP
7822.TW,做多(Long),趨勢多頭,多方進場,0.62,0.62,0.24,0.045,0.62,樣本數不足 (0/10)，熱身中,KEEP
2497.TW,做多(Long),趨勢多頭,多方進場,0.62,0.62,0.24,0.045,0.62,樣本數不足 (0/10)，熱身中,KEEP
1216.TW,做多(Long),趨勢多頭,多方進場,0.62,0.62,0.24,0.045,0.62,樣本數不足 (0/10)，熱身中,KEEP
6645.TW,做多(Long),趨勢多頭,多方進場,0.62,0.62,0.24,0.045,0.62,樣本數不足 (0/10)，熱身中,KEEP
3189.TW,做多(Long),趨勢多頭,多方進場,0.62,0.62,0.24,0.045,0.62,樣本數不足 (0/10)，熱身中,KEEP
2886.TW,做多(Long),趨勢多頭,多方進場,0.62,0.62,0.24,0.045,0.62,樣本數不足 (0/10)，熱身中,KEEP
2002.TW,做多(Long),趨勢多頭,多方進場,0.62,0.62,0.24,0.045,0.62,樣本數不足 (0/10)，熱身中,KEEP
6213.TW,做多(Long),趨勢多頭,多方進場,0.62,0.62,0.24,0.045,0.62,樣本數不足 (0/10)，熱身中,KEEP
8438.TW,做多(Long),趨勢多頭,多方進場,0.62,0.62,0.24,0.045,0.62,樣本數不足 (0/10)，熱身中,KEEP
6838.TW,做多(Long),趨勢多頭,多方進場,0.62,0.62,0.24,0.045,0.62,樣本數不足 (0/10)，熱身中,KEEP
1449.TW,做多(Long),趨勢多頭,多方進場,0.62,0.62,0.24,0.045,0.62,樣本數不足 (0/10)，熱身中,KEEP
3167.TW,做多(Long),趨勢多頭,多方進場,0.62,0.62,0.24,0.045,0.62,樣本數不足 (0/10)，熱身中,KEEP
2031.TW,做多(Long),趨勢多頭,多方進場,0.62,0.62,0.24,0.045,0.62,樣本數不足 (0/10)，熱身中,KEEP
2912.TW,做多(Long),趨勢多頭,多方進場,0.62,0.62,0.24,0.045,0.62,樣本數不足 (0/10)，熱身中,KEEP
2027.TW,做多(Long),趨勢多頭,多方進場,0.62,0.62,0.24,0.045,0.62,樣本數不足 (0/10)，熱身中,KEEP
2481.TW,做多(Long),趨勢多頭,多方進場,0.62,0.62,0.24,0.045,0.62,樣本數不足 (0/10)，熱身中,KEEP
1324.TW,做多(Long),趨勢多頭,多方進場,0.62,0.62,0.24,0.045,0.62,樣本數不足 (0/10)，熱身中,KEEP
3673.TW,做多(Long),趨勢多頭,多方進場,0.62,0.62,0.24,0.045,0.62,樣本數不足 (0/10)，熱身中,KEEP
9103.TW,做多(Long),趨勢多頭,多方進場,0.59,0.59,0.18,0.0337,0.59,樣本數不足 (0/10)，熱身中,KEEP
4104.TW,做多(Long),趨勢多頭,多方進場,0.59,0.59,0.18,0.0337,0.59,樣本數不足 (0/10)，熱身中,KEEP
4956.TW,做多(Long),趨勢多頭,多方進場,0.59,0.59,0.18,0.0337,0.59,樣本數不足 (0/10)，熱身中,KEEP
6658.TW,做多(Long),趨勢多頭,多方進場,0.59,0.59,0.18,0.0337,0.59,樣本數不足 (0/10)，熱身中,KEEP
1321.TW,做多(Long),趨勢多頭,多方進場,0.59,0.59,0.18,0.0337,0.59,樣本數不足 (0/10)，熱身中,KEEP
2461.TW,做多(Long),趨勢多頭,多方進場,0.59,0.59,0.18,0.0337,0.59,樣本數不足 (0/10)，熱身中,KEEP
9924.TW,做多(Long),趨勢多頭,多方進場,0.59,0.59,0.18,0.0337,0.59,樣本數不足 (0/10)，熱身中,KEEP
1905.TW,做多(Long),趨勢多頭,多方進場,0.59,0.59,0.18,0.0337,0.59,樣本數不足 (0/10)，熱身中,KEEP
6582.TW,做多(Long),趨勢多頭,多方進場,0.59,0.59,0.18,0.0337,0.59,樣本數不足 (0/10)，熱身中,KEEP
2618.TW,做多(Long),趨勢多頭,多方進場,0.59,0.59,0.18,0.0337,0.59,樣本數不足 (0/10)，熱身中,KEEP
3563.TW,做多(Long),趨勢多頭,多方進場,0.59,0.59,0.18,0.0337,0.59,樣本數不足 (0/10)，熱身中,KEEP
4142.TW,做多(Long),趨勢多頭,多方進場,0.59,0.59,0.18,0.0337,0.59,樣本數不足 (0/10)，熱身中,KEEP
6451.TW,做多(Long),趨勢多頭,多方進場,0.59,0.59,0.18,0.0337,0.59,樣本數不足 (0/10)，熱身中,KEEP
4555.TW,做多(Long),趨勢多頭,多方進場,0.59,0.59,0.18,0.0337,0.59,樣本數不足 (0/10)，熱身中,KEEP
2038.TW,做多(Long),趨勢多頭,多方進場,0.59,0.59,0.18,0.0337,0.59,樣本數不足 (0/10)，熱身中,KEEP
6885.TW,做多(Long),趨勢多頭,多方進場,0.59,0.59,0.18,0.0337,0.59,樣本數不足 (0/10)，熱身中,KEEP
9907.TW,做多(Long),趨勢多頭,多方進場,0.59,0.59,0.18,0.0337,0.59,樣本數不足 (0/10)，熱身中,KEEP
3023.TW,做多(Long),趨勢多頭,多方進場,0.59,0.59,0.18,0.0337,0.59,樣本數不足 (0/10)，熱身中,KEEP
1904.TW,做多(Long),趨勢多頭,多方進場,0.59,0.59,0.18,0.0337,0.59,樣本數不足 (0/10)，熱身中,KEEP
3338.TW,做多(Long),趨勢多頭,多方進場,0.59,0.59,0.18,0.0337,0.59,樣本數不足 (0/10)，熱身中,KEEP
6491.TW,做多(Long),趨勢多頭,多方進場,0.59,0.59,0.18,0.0337,0.59,樣本數不足 (0/10)，熱身中,KEEP
2845.TW,做多(Long),趨勢多頭,多方進場,0.59,0.59,0.18,0.0337,0.59,樣本數不足 (0/10)，熱身中,KEEP
5243.TW,做空(Short),趨勢多頭,空方進場,0.59,0.59,0.18,0.0337,0.59,樣本數不足 (0/10)，熱身中,KEEP
1732.TW,做多(Long),趨勢多頭,多方進場,0.59,0.59,0.18,0.0337,0.59,樣本數不足 (0/10)，熱身中,KEEP
5388.TW,做多(Long),趨勢多頭,多方進場,0.59,0.59,0.18,0.0337,0.59,樣本數不足 (0/10)，熱身中,KEEP
1720.TW,做多(Long),趨勢多頭,多方進場,0.59,0.59,0.18,0.0337,0.59,樣本數不足 (0/10)，熱身中,KEEP
6890.TW,做多(Long),趨勢多頭,多方進場,0.59,0.59,0.18,0.0337,0.59,樣本數不足 (0/10)，熱身中,KEEP
3583.TW,做多(Long),趨勢多頭,多方進場,0.59,0.59,0.18,0.0337,0.59,樣本數不足 (0/10)，熱身中,KEEP
2348.TW,做多(Long),趨勢多頭,多方進場,0.59,0.59,0.18,0.0337,0.59,樣本數不足 (0/10)，熱身中,KEEP
2101.TW,做多(Long),趨勢多頭,多方進場,0.59,0.59,0.18,0.0337,0.59,樣本數不足 (0/10)，熱身中,KEEP
1210.TW,做多(Long),趨勢多頭,多方進場,0.59,0.59,0.18,0.0337,0.59,樣本數不足 (0/10)，熱身中,KEEP
3705.TW,做多(Long),趨勢多頭,多方進場,0.59,0.59,0.18,0.0337,0.59,樣本數不足 (0/10)，熱身中,KEEP
1760.TW,做多(Long),趨勢多頭,多方進場,0.59,0.59,0.18,0.0337,0.59,樣本數不足 (0/10)，熱身中,KEEP
3037.TW,做多(Long),趨勢多頭,多方進場,0.59,0.59,0.18,0.0337,0.59,樣本數不足 (0/10)，熱身中,KEEP
6168.TW,做多(Long),趨勢多頭,多方進場,0.59,0.59,0.18,0.0337,0.59,樣本數不足 (0/10)，熱身中,KEEP
4164.TW,做多(Long),趨勢多頭,多方進場,0.59,0.59,0.18,0.0337,0.59,樣本數不足 (0/10)，熱身中,KEEP
3026.TW,做多(Long),趨勢多頭,多方進場,0.59,0.59,0.18,0.0337,0.59,樣本數不足 (0/10)，熱身中,KEEP
1323.TW,做空(Short),趨勢多頭,空方進場,0.59,0.59,0.18,0.0337,0.59,樣本數不足 (0/10)，熱身中,KEEP
4551.TW,做多(Long),趨勢多頭,多方進場,0.59,0.59,0.18,0.0337,0.59,樣本數不足 (0/10)，熱身中,KEEP
9917.TW,做多(Long),趨勢多頭,多方進場,0.59,0.59,0.18,0.0337,0.59,樣本數不足 (0/10)，熱身中,KEEP
3045.TW,做多(Long),趨勢多頭,多方進場,0.59,0.59,0.18,0.0337,0.59,樣本數不足 (0/10)，熱身中,KEEP
2030.TW,做多(Long),趨勢多頭,多方進場,0.59,0.59,0.18,0.0337,0.59,樣本數不足 (0/10)，熱身中,KEEP
2913.TW,做多(Long),趨勢多頭,多方進場,0.59,0.59,0.18,0.0337,0.59,樣本數不足 (0/10)，熱身中,KEEP
6592.TW,做多(Long),趨勢多頭,多方進場,0.59,0.59,0.18,0.0337,0.59,樣本數不足 (0/10)，熱身中,KEEP
6504.TW,做多(Long),趨勢多頭,多方進場,0.59,0.59,0.18,0.0337,0.59,樣本數不足 (0/10)，熱身中,KEEP
3557.TW,做多(Long),趨勢多頭,多方進場,0.59,0.59,0.18,0.0337,0.59,樣本數不足 (0/10)，熱身中,KEEP
2376.TW,做空(Short),區間盤整,空方進場,0.6105,0.41,-0.18,0.0332,0.5303,樣本數不足 (0/10)，熱身中,KEEP
2359.TW,做空(Short),趨勢空頭,空方進場,0.6014,0.38,-0.24,0.0304,0.5128,樣本數不足 (0/10)，熱身中,KEEP
3019.TW,做空(Short),趨勢空頭,空方進場,0.601,0.38,-0.24,0.0303,0.5126,樣本數不足 (0/10)，熱身中,KEEP
1512.TW,做空(Short),區間盤整,空方進場,0.6006,0.44,-0.12,0.0302,0.5364,樣本數不足 (0/10)，熱身中,KEEP
3346.TW,做空(Short),區間盤整,空方進場,0.5993,0.44,-0.12,0.0298,0.5356,樣本數不足 (0/10)，熱身中,KEEP
1513.TW,做空(Short),趨勢空頭,空方進場,0.5988,0.38,-0.24,0.0297,0.5113,樣本數不足 (0/10)，熱身中,KEEP
8103.TW,做空(Short),趨勢空頭,空方進場,0.5986,0.44,-0.12,0.0296,0.5352,樣本數不足 (0/10)，熱身中,KEEP
6558.TW,做空(Short),趨勢空頭,空方進場,0.5978,0.44,-0.12,0.0293,0.5347,樣本數不足 (0/10)，熱身中,KEEP
8499.TW,做空(Short),趨勢空頭,空方進場,0.597,0.5,0.0,0.0291,0.5582,樣本數不足 (0/10)，熱身中,KEEP
8114.TW,做空(Short),區間盤整,空方進場,0.597,0.41,-0.18,0.0291,0.5222,樣本數不足 (0/10)，熱身中,KEEP
6120.TW,做多(Long),區間盤整,多方進場,0.582,0.56,0.12,0.0291,0.5732,樣本數不足 (0/10)，熱身中,KEEP
2330.TW,做空(Short),區間盤整,空方進場,0.5953,0.41,-0.18,0.0286,0.5212,樣本數不足 (0/10)，熱身中,KEEP
4562.TW,做空(Short),趨勢空頭,空方進場,0.5949,0.44,-0.12,0.0285,0.5329,樣本數不足 (0/10)，熱身中,KEEP
4763.TW,做空(Short),區間盤整,空方進場,0.5936,0.41,-0.18,0.0281,0.5202,樣本數不足 (0/10)，熱身中,KEEP
8467.TW,做多(Long),趨勢空頭,多方進場,0.5862,0.53,0.06,0.0281,0.5637,樣本數不足 (0/10)，熱身中,KEEP
2049.TW,做空(Short),區間盤整,空方進場,0.5933,0.41,-0.18,0.028,0.52,樣本數不足 (0/10)，熱身中,KEEP
2363.TW,做空(Short),趨勢空頭,空方進場,0.5931,0.38,-0.24,0.0279,0.5079,樣本數不足 (0/10)，熱身中,KEEP
3308.TW,做空(Short),趨勢空頭,空方進場,0.5926,0.44,-0.12,0.0278,0.5315,樣本數不足 (0/10)，熱身中,KEEP
3622.TW,做空(Short),區間盤整,空方進場,0.5919,0.41,-0.18,0.0276,0.5191,樣本數不足 (0/10)，熱身中,KEEP
2302.TW,做空(Short),趨勢空頭,空方進場,0.5916,0.41,-0.18,0.0275,0.519,樣本數不足 (0/10)，熱身中,KEEP
2375.TW,做空(Short),趨勢空頭,空方進場,0.5912,0.38,-0.24,0.0274,0.5067,樣本數不足 (0/10)，熱身中,KEEP
8011.TW,做空(Short),區間盤整,空方進場,0.5908,0.44,-0.12,0.0272,0.5305,樣本數不足 (0/10)，熱身中,KEEP
6533.TW,做空(Short),趨勢空頭,空方進場,0.5903,0.44,-0.12,0.0271,0.5302,樣本數不足 (0/10)，熱身中,KEEP
2493.TW,做空(Short),區間盤整,空方進場,0.59,0.38,-0.24,0.027,0.506,樣本數不足 (0/10)，熱身中,KEEP
6206.TW,做空(Short),趨勢空頭,空方進場,0.5898,0.38,-0.24,0.0269,0.5059,樣本數不足 (0/10)，熱身中,KEEP
6937.TW,做空(Short),趨勢空頭,空方進場,0.5897,0.5,0.0,0.0269,0.5538,樣本數不足 (0/10)，熱身中,KEEP
8045.TW,做空(Short),趨勢空頭,空方進場,0.5892,0.38,-0.24,0.0268,0.5055,樣本數不足 (0/10)，熱身中,KEEP
3694.TW,做空(Short),趨勢空頭,空方進場,0.5882,0.38,-0.24,0.0265,0.5049,樣本數不足 (0/10)，熱身中,KEEP
8374.TW,做空(Short),趨勢空頭,空方進場,0.5881,0.5,0.0,0.0264,0.5529,樣本數不足 (0/10)，熱身中,KEEP
6695.TW,做空(Short),區間盤整,空方進場,0.5877,0.41,-0.18,0.0263,0.5166,樣本數不足 (0/10)，熱身中,KEEP
8016.TW,做空(Short),區間盤整,空方進場,0.5872,0.41,-0.18,0.0262,0.5163,樣本數不足 (0/10)，熱身中,KEEP
2374.TW,做空(Short),趨勢空頭,空方進場,0.5872,0.38,-0.24,0.0262,0.5043,樣本數不足 (0/10)，熱身中,KEEP
3092.TW,做多(Long),趨勢空頭,多方進場,0.5799,0.53,0.06,0.0262,0.56,樣本數不足 (0/10)，熱身中,KEEP
2428.TW,做空(Short),趨勢空頭,空方進場,0.587,0.38,-0.24,0.0261,0.5042,樣本數不足 (0/10)，熱身中,KEEP
3044.TW,做空(Short),區間盤整,空方進場,0.5869,0.41,-0.18,0.0261,0.5161,樣本數不足 (0/10)，熱身中,KEEP
2331.TW,做空(Short),趨勢空頭,空方進場,0.5868,0.47,-0.06,0.0261,0.5401,樣本數不足 (0/10)，熱身中,KEEP
8028.TW,做空(Short),趨勢空頭,空方進場,0.5868,0.41,-0.18,0.026,0.5161,樣本數不足 (0/10)，熱身中,KEEP
4571.TW,做空(Short),趨勢空頭,空方進場,0.5867,0.41,-0.18,0.026,0.516,樣本數不足 (0/10)，熱身中,KEEP
6191.TW,做空(Short),趨勢空頭,空方進場,0.5865,0.38,-0.24,0.026,0.5039,樣本數不足 (0/10)，熱身中,KEEP
1514.TW,做空(Short),趨勢空頭,空方進場,0.5792,0.53,0.06,0.026,0.5595,樣本數不足 (0/10)，熱身中,KEEP
4989.TW,做空(Short),趨勢空頭,空方進場,0.5865,0.38,-0.24,0.0259,0.5039,樣本數不足 (0/10)，熱身中,KEEP
3042.TW,做空(Short),區間盤整,空方進場,0.5861,0.38,-0.24,0.0258,0.5036,樣本數不足 (0/10)，熱身中,KEEP
8422.TW,做空(Short),趨勢空頭,空方進場,0.5859,0.41,-0.18,0.0258,0.5156,樣本數不足 (0/10)，熱身中,KEEP
5222.TW,做空(Short),趨勢空頭,空方進場,0.5859,0.41,-0.18,0.0258,0.5156,樣本數不足 (0/10)，熱身中,KEEP
6757.TW,做空(Short),趨勢空頭,空方進場,0.5858,0.44,-0.12,0.0257,0.5275,樣本數不足 (0/10)，熱身中,KEEP
6224.TW,做空(Short),區間盤整,空方進場,0.5856,0.44,-0.12,0.0257,0.5274,樣本數不足 (0/10)，熱身中,KEEP
3380.TW,做空(Short),區間盤整,空方進場,0.5849,0.38,-0.24,0.0255,0.5029,樣本數不足 (0/10)，熱身中,KEEP
6235.TW,做空(Short),趨勢空頭,空方進場,0.5848,0.41,-0.18,0.0254,0.5149,樣本數不足 (0/10)，熱身中,KEEP
2431.TW,做空(Short),趨勢空頭,空方進場,0.5846,0.41,-0.18,0.0254,0.5148,樣本數不足 (0/10)，熱身中,KEEP
6196.TW,做多(Long),區間盤整,多方進場,0.5623,0.59,0.18,0.0254,0.5734,樣本數不足 (0/10)，熱身中,KEEP
8249.TW,做空(Short),趨勢空頭,空方進場,0.5845,0.41,-0.18,0.0253,0.5147,樣本數不足 (0/10)，熱身中,KEEP
6781.TW,做空(Short),趨勢空頭,空方進場,0.584,0.44,-0.12,0.0252,0.5264,樣本數不足 (0/10)，熱身中,KEEP
2466.TW,做多(Long),區間盤整,多方進場,0.5541,0.62,0.24,0.0252,0.5805,樣本數不足 (0/10)，熱身中,KEEP
1503.TW,做空(Short),趨勢空頭,空方進場,0.5837,0.41,-0.18,0.0251,0.5142,樣本數不足 (0/10)，熱身中,KEEP
3036.TW,做空(Short),趨勢空頭,空方進場,0.5835,0.47,-0.06,0.0251,0.5381,樣本數不足 (0/10)，熱身中,KEEP
5469.TW,做空(Short),趨勢空頭,空方進場,0.5835,0.38,-0.24,0.0251,0.5021,樣本數不足 (0/10)，熱身中,KEEP
4540.TW,做空(Short),趨勢空頭,空方進場,0.5835,0.38,-0.24,0.0251,0.5021,樣本數不足 (0/10)，熱身中,KEEP
2208.TW,做空(Short),趨勢空頭,空方進場,0.5835,0.41,-0.18,0.025,0.5141,樣本數不足 (0/10)，熱身中,KEEP
2614.TW,做空(Short),區間盤整,空方進場,0.5834,0.41,-0.18,0.025,0.514,樣本數不足 (0/10)，熱身中,KEEP
1536.TW,做空(Short),趨勢空頭,空方進場,0.5833,0.41,-0.18,0.025,0.514,樣本數不足 (0/10)，熱身中,KEEP
7740.TW,做空(Short),趨勢空頭,空方進場,0.5828,0.5,0.0,0.0248,0.5497,樣本數不足 (0/10)，熱身中,KEEP
1736.TW,做空(Short),區間盤整,空方進場,0.5823,0.41,-0.18,0.0247,0.5134,樣本數不足 (0/10)，熱身中,KEEP
4526.TW,做空(Short),區間盤整,空方進場,0.5819,0.41,-0.18,0.0246,0.5132,樣本數不足 (0/10)，熱身中,KEEP
5234.TW,做空(Short),區間盤整,空方進場,0.5818,0.41,-0.18,0.0246,0.5131,樣本數不足 (0/10)，熱身中,KEEP
2923.TW,做空(Short),趨勢空頭,空方進場,0.5816,0.38,-0.24,0.0245,0.501,樣本數不足 (0/10)，熱身中,KEEP
3047.TW,做空(Short),趨勢空頭,空方進場,0.5811,0.41,-0.18,0.0243,0.5127,樣本數不足 (0/10)，熱身中,KEEP
3048.TW,做空(Short),趨勢空頭,空方進場,0.581,0.38,-0.24,0.0243,0.5006,樣本數不足 (0/10)，熱身中,KEEP
1810.TW,做空(Short),趨勢空頭,空方進場,0.581,0.38,-0.24,0.0243,0.5006,樣本數不足 (0/10)，熱身中,KEEP
1256.TW,做空(Short),趨勢空頭,空方進場,0.5809,0.41,-0.18,0.0243,0.5125,樣本數不足 (0/10)，熱身中,KEEP
3028.TW,做空(Short),區間盤整,空方進場,0.5807,0.44,-0.12,0.0242,0.5244,樣本數不足 (0/10)，熱身中,KEEP
2395.TW,做空(Short),趨勢空頭,空方進場,0.5803,0.41,-0.18,0.0241,0.5122,樣本數不足 (0/10)，熱身中,KEEP
6796.TW,做空(Short),趨勢空頭,空方進場,0.5797,0.44,-0.12,0.0239,0.5238,樣本數不足 (0/10)，熱身中,KEEP
3094.TW,做空(Short),區間盤整,空方進場,0.5795,0.41,-0.18,0.0238,0.5117,樣本數不足 (0/10)，熱身中,KEEP
2601.TW,做空(Short),趨勢空頭,空方進場,0.5792,0.38,-0.24,0.0238,0.4995,樣本數不足 (0/10)，熱身中,KEEP
4545.TW,做空(Short),趨勢空頭,空方進場,0.5792,0.38,-0.24,0.0238,0.4995,樣本數不足 (0/10)，熱身中,KEEP
2401.TW,做空(Short),趨勢空頭,空方進場,0.5792,0.38,-0.24,0.0238,0.4995,樣本數不足 (0/10)，熱身中,KEEP
6215.TW,做空(Short),趨勢空頭,空方進場,0.5792,0.38,-0.24,0.0238,0.4995,樣本數不足 (0/10)，熱身中,KEEP
2371.TW,做多(Long),趨勢空頭,多方進場,0.5565,0.59,0.18,0.0237,0.5699,樣本數不足 (0/10)，熱身中,KEEP
2009.TW,做空(Short),趨勢空頭,空方進場,0.5785,0.44,-0.12,0.0235,0.5231,樣本數不足 (0/10)，熱身中,KEEP
6166.TW,做空(Short),區間盤整,空方進場,0.5784,0.41,-0.18,0.0235,0.5111,樣本數不足 (0/10)，熱身中,KEEP
8112.TW,做空(Short),趨勢空頭,空方進場,0.5784,0.38,-0.24,0.0235,0.499,樣本數不足 (0/10)，熱身中,KEEP
3419.TW,做多(Long),區間盤整,多方進場,0.5707,0.53,0.06,0.0235,0.5544,樣本數不足 (0/10)，熱身中,KEEP
5546.TW,做多(Long),趨勢空頭,多方進場,0.5707,0.53,0.06,0.0235,0.5544,樣本數不足 (0/10)，熱身中,KEEP
1319.TW,做空(Short),趨勢空頭,空方進場,0.578,0.44,-0.12,0.0234,0.5228,樣本數不足 (0/10)，熱身中,KEEP
1605.TW,做空(Short),區間盤整,空方進場,0.5779,0.44,-0.12,0.0234,0.5227,樣本數不足 (0/10)，熱身中,KEEP
2103.TW,做空(Short),趨勢空頭,空方進場,0.5777,0.47,-0.06,0.0233,0.5346,樣本數不足 (0/10)，熱身中,KEEP
4935.TW,做空(Short),趨勢空頭,空方進場,0.5769,0.41,-0.18,0.0231,0.5101,樣本數不足 (0/10)，熱身中,KEEP
1608.TW,做空(Short),趨勢空頭,空方進場,0.5768,0.38,-0.24,0.023,0.4981,樣本數不足 (0/10)，熱身中,KEEP
7631.TW,做空(Short),趨勢空頭,空方進場,0.5766,0.38,-0.24,0.023,0.498,樣本數不足 (0/10)，熱身中,KEEP
8476.TW,做空(Short),區間盤整,空方進場,0.5764,0.44,-0.12,0.0229,0.5219,樣本數不足 (0/10)，熱身中,KEEP
6271.TW,做多(Long),區間盤整,多方進場,0.569,0.53,0.06,0.0229,0.5534,樣本數不足 (0/10)，熱身中,KEEP
2637.TW,做空(Short),區間盤整,空方進場,0.576,0.44,-0.12,0.0228,0.5216,樣本數不足 (0/10)，熱身中,KEEP
6719.TW,做空(Short),趨勢空頭,空方進場,0.5755,0.38,-0.24,0.0227,0.4973,樣本數不足 (0/10)，熱身中,KEEP
2317.TW,做空(Short),趨勢空頭,空方進場,0.5754,0.41,-0.18,0.0226,0.5092,樣本數不足 (0/10)，熱身中,KEEP
7788.TW,做空(Short),趨勢空頭,空方進場,0.5754,0.38,-0.24,0.0226,0.4972,樣本數不足 (0/10)，熱身中,KEEP
1312.TW,做空(Short),趨勢空頭,空方進場,0.5753,0.38,-0.24,0.0226,0.4972,樣本數不足 (0/10)，熱身中,KEEP
2354.TW,做空(Short),趨勢空頭,空方進場,0.5751,0.41,-0.18,0.0225,0.509,樣本數不足 (0/10)，熱身中,KEEP
5515.TW,做多(Long),趨勢多頭,多方進場,0.56,0.56,0.12,0.0225,0.56,樣本數不足 (0/10)，熱身中,KEEP
2465.TW,做多(Long),趨勢多頭,多方進場,0.56,0.56,0.12,0.0225,0.56,樣本數不足 (0/10)，熱身中,KEEP
2451.TW,做多(Long),趨勢多頭,多方進場,0.56,0.56,0.12,0.0225,0.56,樣本數不足 (0/10)，熱身中,KEEP
5292.TW,做多(Long),趨勢多頭,多方進場,0.56,0.56,0.12,0.0225,0.56,樣本數不足 (0/10)，熱身中,KEEP
2540.TW,做多(Long),趨勢多頭,多方進場,0.56,0.56,0.12,0.0225,0.56,樣本數不足 (0/10)，熱身中,KEEP
1471.TW,做多(Long),趨勢多頭,多方進場,0.56,0.56,0.12,0.0225,0.56,樣本數不足 (0/10)，熱身中,KEEP
2399.TW,做多(Long),趨勢多頭,多方進場,0.56,0.56,0.12,0.0225,0.56,樣本數不足 (0/10)，熱身中,KEEP
1229.TW,做多(Long),趨勢多頭,多方進場,0.56,0.56,0.12,0.0225,0.56,樣本數不足 (0/10)，熱身中,KEEP
2702.TW,做空(Short),趨勢多頭,空方進場,0.56,0.56,0.12,0.0225,0.56,樣本數不足 (0/10)，熱身中,KEEP
2537.TW,做多(Long),趨勢多頭,多方進場,0.56,0.56,0.12,0.0225,0.56,樣本數不足 (0/10)，熱身中,KEEP
1725.TW,做多(Long),趨勢多頭,多方進場,0.56,0.56,0.12,0.0225,0.56,樣本數不足 (0/10)，熱身中,KEEP
1907.TW,做多(Long),趨勢多頭,多方進場,0.56,0.56,0.12,0.0225,0.56,樣本數不足 (0/10)，熱身中,KEEP
2851.TW,做多(Long),趨勢多頭,多方進場,0.56,0.56,0.12,0.0225,0.56,樣本數不足 (0/10)，熱身中,KEEP
3011.TW,做多(Long),趨勢多頭,多方進場,0.56,0.56,0.12,0.0225,0.56,樣本數不足 (0/10)，熱身中,KEEP
1568.TW,做多(Long),趨勢多頭,多方進場,0.56,0.56,0.12,0.0225,0.56,樣本數不足 (0/10)，熱身中,KEEP
1231.TW,做多(Long),趨勢多頭,多方進場,0.56,0.56,0.12,0.0225,0.56,樣本數不足 (0/10)，熱身中,KEEP
6239.TW,做空(Short),趨勢多頭,空方進場,0.56,0.56,0.12,0.0225,0.56,樣本數不足 (0/10)，熱身中,KEEP
1444.TW,做多(Long),趨勢多頭,多方進場,0.56,0.56,0.12,0.0225,0.56,樣本數不足 (0/10)，熱身中,KEEP
4576.TW,做多(Long),趨勢多頭,多方進場,0.56,0.56,0.12,0.0225,0.56,樣本數不足 (0/10)，熱身中,KEEP
2355.TW,做多(Long),趨勢多頭,多方進場,0.56,0.56,0.12,0.0225,0.56,樣本數不足 (0/10)，熱身中,KEEP
2390.TW,做多(Long),趨勢多頭,多方進場,0.56,0.56,0.12,0.0225,0.56,樣本數不足 (0/10)，熱身中,KEEP
4906.TW,做多(Long),趨勢多頭,多方進場,0.56,0.56,0.12,0.0225,0.56,樣本數不足 (0/10)，熱身中,KEEP
1909.TW,做多(Long),趨勢多頭,多方進場,0.56,0.56,0.12,0.0225,0.56,樣本數不足 (0/10)，熱身中,KEEP
6534.TW,做多(Long),趨勢多頭,多方進場,0.56,0.56,0.12,0.0225,0.56,樣本數不足 (0/10)，熱身中,KEEP
2388.TW,做多(Long),趨勢多頭,多方進場,0.56,0.56,0.12,0.0225,0.56,樣本數不足 (0/10)，熱身中,KEEP
1723.TW,做多(Long),趨勢多頭,多方進場,0.56,0.56,0.12,0.0225,0.56,樣本數不足 (0/10)，熱身中,KEEP
6672.TW,做多(Long),趨勢多頭,多方進場,0.56,0.56,0.12,0.0225,0.56,樣本數不足 (0/10)，熱身中,KEEP
3591.TW,做多(Long),趨勢多頭,多方進場,0.56,0.56,0.12,0.0225,0.56,樣本數不足 (0/10)，熱身中,KEEP
2406.TW,做多(Long),趨勢多頭,多方進場,0.56,0.56,0.12,0.0225,0.56,樣本數不足 (0/10)，熱身中,KEEP
1776.TW,做多(Long),趨勢多頭,多方進場,0.56,0.56,0.12,0.0225,0.56,樣本數不足 (0/10)，熱身中,KEEP
2393.TW,做多(Long),趨勢多頭,多方進場,0.56,0.56,0.12,0.0225,0.56,樣本數不足 (0/10)，熱身中,KEEP
4739.TW,做多(Long),趨勢多頭,多方進場,0.56,0.56,0.12,0.0225,0.56,樣本數不足 (0/10)，熱身中,KEEP
6924.TW,做多(Long),趨勢多頭,多方進場,0.56,0.56,0.12,0.0225,0.56,樣本數不足 (0/10)，熱身中,KEEP
2351.TW,做多(Long),趨勢多頭,多方進場,0.56,0.56,0.12,0.0225,0.56,樣本數不足 (0/10)，熱身中,KEEP
2248.TW,做多(Long),趨勢多頭,多方進場,0.56,0.56,0.12,0.0225,0.56,樣本數不足 (0/10)，熱身中,KEEP
6277.TW,做多(Long),趨勢多頭,多方進場,0.56,0.56,0.12,0.0225,0.56,樣本數不足 (0/10)，熱身中,KEEP
2548.TW,做多(Long),趨勢多頭,多方進場,0.56,0.56,0.12,0.0225,0.56,樣本數不足 (0/10)，熱身中,KEEP
7610.TW,做多(Long),趨勢多頭,多方進場,0.56,0.56,0.12,0.0225,0.56,樣本數不足 (0/10)，熱身中,KEEP
3494.TW,做多(Long),趨勢多頭,多方進場,0.56,0.56,0.12,0.0225,0.56,樣本數不足 (0/10)，熱身中,KEEP
4566.TW,做多(Long),趨勢多頭,多方進場,0.56,0.56,0.12,0.0225,0.56,樣本數不足 (0/10)，熱身中,KEEP
1906.TW,做空(Short),趨勢多頭,空方進場,0.56,0.56,0.12,0.0225,0.56,樣本數不足 (0/10)，熱身中,KEEP
7730.TW,做多(Long),趨勢多頭,多方進場,0.56,0.56,0.12,0.0225,0.56,樣本數不足 (0/10)，熱身中,KEEP
6141.TW,做多(Long),趨勢多頭,多方進場,0.56,0.56,0.12,0.0225,0.56,樣本數不足 (0/10)，熱身中,KEEP
2426.TW,做多(Long),趨勢多頭,多方進場,0.56,0.56,0.12,0.0225,0.56,樣本數不足 (0/10)，熱身中,KEEP
8021.TW,做多(Long),趨勢多頭,多方進場,0.56,0.56,0.12,0.0225,0.56,樣本數不足 (0/10)，熱身中,KEEP
8046.TW,做多(Long),趨勢多頭,多方進場,0.56,0.56,0.12,0.0225,0.56,樣本數不足 (0/10)，熱身中,KEEP
4737.TW,做多(Long),趨勢多頭,多方進場,0.56,0.56,0.12,0.0225,0.56,樣本數不足 (0/10)，熱身中,KEEP
9933.TW,做多(Long),趨勢多頭,多方進場,0.56,0.56,0.12,0.0225,0.56,樣本數不足 (0/10)，熱身中,KEEP
3209.TW,做多(Long),趨勢多頭,多方進場,0.56,0.56,0.12,0.0225,0.56,樣本數不足 (0/10)，熱身中,KEEP
1439.TW,做多(Long),趨勢多頭,多方進場,0.56,0.56,0.12,0.0225,0.56,樣本數不足 (0/10)，熱身中,KEEP
2633.TW,做多(Long),趨勢多頭,多方進場,0.56,0.56,0.12,0.0225,0.56,樣本數不足 (0/10)，熱身中,KEEP
6585.TW,做多(Long),趨勢多頭,多方進場,0.56,0.56,0.12,0.0225,0.56,樣本數不足 (0/10)，熱身中,KEEP
1102.TW,做多(Long),趨勢多頭,多方進場,0.56,0.56,0.12,0.0225,0.56,樣本數不足 (0/10)，熱身中,KEEP
6830.TW,做空(Short),趨勢多頭,空方進場,0.56,0.56,0.12,0.0225,0.56,樣本數不足 (0/10)，熱身中,KEEP
2636.TW,做多(Long),趨勢多頭,多方進場,0.56,0.56,0.12,0.0225,0.56,樣本數不足 (0/10)，熱身中,KEEP
1219.TW,做多(Long),趨勢多頭,多方進場,0.56,0.56,0.12,0.0225,0.56,樣本數不足 (0/10)，熱身中,KEEP
8163.TW,做空(Short),趨勢空頭,空方進場,0.5745,0.41,-0.18,0.0224,0.5087,樣本數不足 (0/10)，熱身中,KEEP
5434.TW,做多(Long),區間盤整,多方進場,0.5596,0.56,0.12,0.0224,0.5597,樣本數不足 (0/10)，熱身中,KEEP
4532.TW,做空(Short),區間盤整,空方進場,0.5744,0.44,-0.12,0.0223,0.5206,樣本數不足 (0/10)，熱身中,KEEP
6164.TW,做空(Short),趨勢空頭,空方進場,0.5743,0.5,0.0,0.0223,0.5446,樣本數不足 (0/10)，熱身中,KEEP
2342.TW,做空(Short),趨勢空頭,空方進場,0.5741,0.38,-0.24,0.0222,0.4964,樣本數不足 (0/10)，熱身中,KEEP
4755.TW,做空(Short),趨勢空頭,空方進場,0.574,0.5,0.0,0.0222,0.5444,樣本數不足 (0/10)，熱身中,KEEP
2501.TW,做空(Short),區間盤整,空方進場,0.574,0.41,-0.18,0.0222,0.5084,樣本數不足 (0/10)，熱身中,KEEP
3090.TW,做空(Short),區間盤整,空方進場,0.5739,0.41,-0.18,0.0222,0.5083,樣本數不足 (0/10)，熱身中,KEEP
3030.TW,做空(Short),趨勢空頭,空方進場,0.5737,0.41,-0.18,0.0221,0.5082,樣本數不足 (0/10)，熱身中,KEEP
1466.TW,做空(Short),區間盤整,空方進場,0.573,0.44,-0.12,0.0219,0.5198,樣本數不足 (0/10)，熱身中,KEEP
3231.TW,做空(Short),區間盤整,空方進場,0.5726,0.44,-0.12,0.0218,0.5196,樣本數不足 (0/10)，熱身中,KEEP
6152.TW,做多(Long),趨勢空頭,多方進場,0.565,0.53,0.06,0.0218,0.551,樣本數不足 (0/10)，熱身中,KEEP
2207.TW,做空(Short),區間盤整,空方進場,0.5725,0.44,-0.12,0.0217,0.5195,樣本數不足 (0/10)，熱身中,KEEP
2731.TW,做空(Short),趨勢空頭,空方進場,0.5724,0.41,-0.18,0.0217,0.5075,樣本數不足 (0/10)，熱身中,KEEP
2458.TW,做空(Short),趨勢空頭,空方進場,0.5721,0.38,-0.24,0.0216,0.4953,樣本數不足 (0/10)，熱身中,KEEP
3032.TW,做空(Short),區間盤整,空方進場,0.572,0.41,-0.18,0.0216,0.5072,樣本數不足 (0/10)，熱身中,KEEP
6541.TW,做空(Short),趨勢空頭,空方進場,0.5571,0.56,0.12,0.0216,0.5583,樣本數不足 (0/10)，熱身中,KEEP
6768.TW,做空(Short),趨勢空頭,空方進場,0.5718,0.47,-0.06,0.0215,0.5311,樣本數不足 (0/10)，熱身中,KEEP
2468.TW,做空(Short),趨勢空頭,空方進場,0.5718,0.38,-0.24,0.0215,0.4951,樣本數不足 (0/10)，熱身中,KEEP
6176.TW,做空(Short),趨勢空頭,空方進場,0.5717,0.47,-0.06,0.0215,0.531,樣本數不足 (0/10)，熱身中,KEEP
7736.TW,做空(Short),趨勢空頭,空方進場,0.5717,0.44,-0.12,0.0215,0.519,樣本數不足 (0/10)，熱身中,KEEP
6477.TW,做空(Short),趨勢空頭,空方進場,0.5717,0.41,-0.18,0.0215,0.507,樣本數不足 (0/10)，熱身中,KEEP
4766.TW,做空(Short),區間盤整,空方進場,0.5715,0.44,-0.12,0.0215,0.5189,樣本數不足 (0/10)，熱身中,KEEP
6472.TW,做多(Long),區間盤整,多方進場,0.5568,0.56,0.12,0.0215,0.5581,樣本數不足 (0/10)，熱身中,KEEP
3443.TW,做多(Long),區間盤整,多方進場,0.5639,0.53,0.06,0.0214,0.5503,樣本數不足 (0/10)，熱身中,KEEP
4916.TW,做空(Short),區間盤整,空方進場,0.571,0.41,-0.18,0.0213,0.5066,樣本數不足 (0/10)，熱身中,KEEP
8222.TW,做空(Short),趨勢空頭,空方進場,0.5634,0.53,0.06,0.0213,0.5501,樣本數不足 (0/10)，熱身中,KEEP
1727.TW,做空(Short),趨勢空頭,空方進場,0.5708,0.38,-0.24,0.0212,0.4945,樣本數不足 (0/10)，熱身中,KEEP
3706.TW,做空(Short),區間盤整,空方進場,0.5706,0.41,-0.18,0.0212,0.5064,樣本數不足 (0/10)，熱身中,KEEP
1713.TW,做空(Short),趨勢空頭,空方進場,0.5706,0.38,-0.24,0.0212,0.4944,樣本數不足 (0/10)，熱身中,KEEP
8105.TW,做多(Long),區間盤整,多方進場,0.5557,0.56,0.12,0.0212,0.5574,樣本數不足 (0/10)，熱身中,KEEP
6691.TW,做空(Short),趨勢空頭,空方進場,0.5705,0.38,-0.24,0.0211,0.4943,樣本數不足 (0/10)，熱身中,KEEP
3515.TW,做空(Short),區間盤整,空方進場,0.5702,0.41,-0.18,0.0211,0.5061,樣本數不足 (0/10)，熱身中,KEEP
6573.TW,做空(Short),趨勢空頭,空方進場,0.5625,0.53,0.06,0.021,0.5495,樣本數不足 (0/10)，熱身中,KEEP
9955.TW,做空(Short),趨勢空頭,空方進場,0.5698,0.41,-0.18,0.0209,0.5059,樣本數不足 (0/10)，熱身中,KEEP
2462.TW,做空(Short),趨勢空頭,空方進場,0.5693,0.44,-0.12,0.0208,0.5176,樣本數不足 (0/10)，熱身中,KEEP
2440.TW,做空(Short),區間盤整,空方進場,0.5692,0.44,-0.12,0.0208,0.5175,樣本數不足 (0/10)，熱身中,KEEP
3041.TW,做空(Short),區間盤整,空方進場,0.5692,0.41,-0.18,0.0207,0.5055,樣本數不足 (0/10)，熱身中,KEEP
2417.TW,做空(Short),趨勢空頭,空方進場,0.5691,0.41,-0.18,0.0207,0.5054,樣本數不足 (0/10)，熱身中,KEEP
9902.TW,做空(Short),趨勢空頭,空方進場,0.569,0.47,-0.06,0.0207,0.5294,樣本數不足 (0/10)，熱身中,KEEP
3593.TW,做空(Short),趨勢空頭,空方進場,0.5689,0.44,-0.12,0.0207,0.5173,樣本數不足 (0/10)，熱身中,KEEP
4590.TW,做空(Short),區間盤整,空方進場,0.5686,0.5,0.0,0.0206,0.5411,樣本數不足 (0/10)，熱身中,KEEP
8070.TW,做空(Short),區間盤整,空方進場,0.5685,0.41,-0.18,0.0206,0.5051,樣本數不足 (0/10)，熱身中,KEEP
2233.TW,做空(Short),區間盤整,空方進場,0.5684,0.41,-0.18,0.0205,0.505,樣本數不足 (0/10)，熱身中,KEEP
2883.TW,做多(Long),區間盤整,多方進場,0.5459,0.59,0.18,0.0205,0.5635,樣本數不足 (0/10)，熱身中,KEEP
1303.TW,做空(Short),區間盤整,空方進場,0.568,0.41,-0.18,0.0204,0.5048,樣本數不足 (0/10)，熱身中,KEEP
2457.TW,做空(Short),趨勢空頭,空方進場,0.5679,0.5,0.0,0.0204,0.5407,樣本數不足 (0/10)，熱身中,KEEP
2228.TW,做空(Short),趨勢空頭,空方進場,0.5679,0.41,-0.18,0.0204,0.5048,樣本數不足 (0/10)，熱身中,KEEP
4746.TW,做多(Long),區間盤整,多方進場,0.5529,0.56,0.12,0.0204,0.5557,樣本數不足 (0/10)，熱身中,KEEP
2365.TW,做空(Short),趨勢空頭,空方進場,0.5678,0.41,-0.18,0.0203,0.5047,樣本數不足 (0/10)，熱身中,KEEP
8466.TW,做空(Short),趨勢空頭,空方進場,0.5671,0.47,-0.06,0.0201,0.5283,樣本數不足 (0/10)，熱身中,KEEP
2387.TW,做空(Short),趨勢空頭,空方進場,0.5671,0.38,-0.24,0.0201,0.4923,樣本數不足 (0/10)，熱身中,KEEP
6706.TW,做多(Long),區間盤整,多方進場,0.5519,0.56,0.12,0.0201,0.5552,樣本數不足 (0/10)，熱身中,KEEP
6243.TW,做空(Short),趨勢空頭,空方進場,0.5667,0.47,-0.06,0.02,0.528,樣本數不足 (0/10)，熱身中,KEEP
2530.TW,做空(Short),區間盤整,空方進場,0.5665,0.44,-0.12,0.0199,0.5159,樣本數不足 (0/10)，熱身中,KEEP
2612.TW,做空(Short),趨勢空頭,空方進場,0.566,0.41,-0.18,0.0198,0.5036,樣本數不足 (0/10)，熱身中,KEEP
6192.TW,做空(Short),區間盤整,空方進場,0.566,0.41,-0.18,0.0198,0.5036,樣本數不足 (0/10)，熱身中,KEEP
2382.TW,做空(Short),區間盤整,空方進場,0.5659,0.41,-0.18,0.0198,0.5035,樣本數不足 (0/10)，熱身中,KEEP
2367.TW,做空(Short),趨勢空頭,空方進場,0.5659,0.35,-0.3,0.0198,0.4795,樣本數不足 (0/10)，熱身中,KEEP
2250.TW,做多(Long),區間盤整,多方進場,0.551,0.56,0.12,0.0198,0.5546,樣本數不足 (0/10)，熱身中,KEEP
4912.TW,做空(Short),區間盤整,空方進場,0.5658,0.44,-0.12,0.0197,0.5155,樣本數不足 (0/10)，熱身中,KEEP
2911.TW,做空(Short),區間盤整,空方進場,0.5653,0.47,-0.06,0.0196,0.5272,樣本數不足 (0/10)，熱身中,KEEP
1419.TW,做空(Short),趨勢空頭,空方進場,0.565,0.38,-0.24,0.0195,0.491,樣本數不足 (0/10)，熱身中,KEEP
3004.TW,做空(Short),趨勢空頭,空方進場,0.5649,0.41,-0.18,0.0195,0.5029,樣本數不足 (0/10)，熱身中,KEEP
2425.TW,做空(Short),趨勢空頭,空方進場,0.5648,0.47,-0.06,0.0194,0.5269,樣本數不足 (0/10)，熱身中,KEEP
6197.TW,做空(Short),趨勢空頭,空方進場,0.5645,0.41,-0.18,0.0194,0.5027,樣本數不足 (0/10)，熱身中,KEEP
2006.TW,做多(Long),趨勢空頭,多方進場,0.5572,0.53,0.06,0.0194,0.5463,樣本數不足 (0/10)，熱身中,KEEP
2340.TW,做多(Long),趨勢空頭,多方進場,0.5571,0.53,0.06,0.0194,0.5463,樣本數不足 (0/10)，熱身中,KEEP
6854.TW,做空(Short),趨勢空頭,空方進場,0.5635,0.47,-0.06,0.0191,0.5261,樣本數不足 (0/10)，熱身中,KEEP
1519.TW,做空(Short),趨勢空頭,空方進場,0.5635,0.38,-0.24,0.0191,0.4901,樣本數不足 (0/10)，熱身中,KEEP
6957.TW,做多(Long),趨勢空頭,多方進場,0.5559,0.53,0.06,0.019,0.5456,樣本數不足 (0/10)，熱身中,KEEP
7722.TW,做空(Short),趨勢空頭,空方進場,0.5558,0.53,0.06,0.019,0.5455,樣本數不足 (0/10)，熱身中,KEEP
3530.TW,做多(Long),區間盤整,多方進場,0.5557,0.53,0.06,0.019,0.5454,樣本數不足 (0/10)，熱身中,KEEP
2303.TW,做空(Short),趨勢空頭,空方進場,0.5631,0.47,-0.06,0.0189,0.5259,樣本數不足 (0/10)，熱身中,KEEP
3708.TW,做空(Short),區間盤整,空方進場,0.5631,0.38,-0.24,0.0189,0.4899,樣本數不足 (0/10)，熱身中,KEEP
1717.TW,做多(Long),區間盤整,多方進場,0.5475,0.56,0.12,0.0188,0.5525,樣本數不足 (0/10)，熱身中,KEEP
3043.TW,做空(Short),趨勢空頭,空方進場,0.5625,0.44,-0.12,0.0187,0.5135,樣本數不足 (0/10)，熱身中,KEEP
6412.TW,做空(Short),趨勢空頭,空方進場,0.5624,0.44,-0.12,0.0187,0.5135,樣本數不足 (0/10)，熱身中,KEEP
1721.TW,做空(Short),區間盤整,空方進場,0.5623,0.41,-0.18,0.0187,0.5014,樣本數不足 (0/10)，熱身中,KEEP
3447.TW,做空(Short),區間盤整,空方進場,0.5622,0.41,-0.18,0.0187,0.5013,樣本數不足 (0/10)，熱身中,KEEP
2392.TW,做空(Short),區間盤整,空方進場,0.5619,0.41,-0.18,0.0186,0.5011,樣本數不足 (0/10)，熱身中,KEEP
6944.TW,做空(Short),趨勢空頭,空方進場,0.5619,0.38,-0.24,0.0186,0.4892,樣本數不足 (0/10)，熱身中,KEEP
2488.TW,做多(Long),區間盤整,多方進場,0.5468,0.56,0.12,0.0186,0.5521,樣本數不足 (0/10)，熱身中,KEEP
8454.TW,做多(Long),區間盤整,多方進場,0.5468,0.56,0.12,0.0185,0.5521,樣本數不足 (0/10)，熱身中,KEEP
3024.TW,做多(Long),區間盤整,多方進場,0.5466,0.56,0.12,0.0185,0.552,樣本數不足 (0/10)，熱身中,KEEP
2356.TW,做空(Short),趨勢空頭,空方進場,0.561,0.41,-0.18,0.0183,0.5006,樣本數不足 (0/10)，熱身中,KEEP
2885.TW,做空(Short),區間盤整,空方進場,0.5609,0.47,-0.06,0.0183,0.5245,樣本數不足 (0/10)，熱身中,KEEP
9946.TW,做空(Short),趨勢空頭,空方進場,0.5608,0.38,-0.24,0.0182,0.4885,樣本數不足 (0/10)，熱身中,KEEP
6918.TW,做空(Short),趨勢空頭,空方進場,0.5607,0.38,-0.24,0.0182,0.4884,樣本數不足 (0/10)，熱身中,KEEP
8940.TW,做空(Short),區間盤整,空方進場,0.5601,0.44,-0.12,0.018,0.5121,樣本數不足 (0/10)，熱身中,KEEP
2609.TW,做空(Short),趨勢空頭,空方進場,0.5601,0.41,-0.18,0.018,0.5001,樣本數不足 (0/10)，熱身中,KEEP
2520.TW,做空(Short),區間盤整,空方進場,0.5599,0.44,-0.12,0.018,0.5119,樣本數不足 (0/10)，熱身中,KEEP
6928.TW,做空(Short),趨勢空頭,空方進場,0.5595,0.41,-0.18,0.0179,0.4997,樣本數不足 (0/10)，熱身中,KEEP
2349.TW,做多(Long),區間盤整,多方進場,0.5521,0.53,0.06,0.0179,0.5433,樣本數不足 (0/10)，熱身中,KEEP
3617.TW,做空(Short),趨勢空頭,空方進場,0.5591,0.38,-0.24,0.0177,0.4875,樣本數不足 (0/10)，熱身中,KEEP
1903.TW,做空(Short),趨勢空頭,空方進場,0.5588,0.47,-0.06,0.0176,0.5233,樣本數不足 (0/10)，熱身中,KEEP
1789.TW,做空(Short),區間盤整,空方進場,0.5586,0.47,-0.06,0.0176,0.5232,樣本數不足 (0/10)，熱身中,KEEP
3686.TW,做空(Short),區間盤整,空方進場,0.5585,0.44,-0.12,0.0176,0.5111,樣本數不足 (0/10)，熱身中,KEEP
7732.TW,做空(Short),區間盤整,空方進場,0.5585,0.41,-0.18,0.0175,0.4991,樣本數不足 (0/10)，熱身中,KEEP
1615.TW,做空(Short),區間盤整,空方進場,0.5584,0.41,-0.18,0.0175,0.499,樣本數不足 (0/10)，熱身中,KEEP
1516.TW,做空(Short),趨勢空頭,空方進場,0.5584,0.41,-0.18,0.0175,0.499,樣本數不足 (0/10)，熱身中,KEEP
4441.TW,做空(Short),趨勢空頭,空方進場,0.5582,0.44,-0.12,0.0175,0.5109,樣本數不足 (0/10)，熱身中,KEEP
3059.TW,做空(Short),趨勢空頭,空方進場,0.558,0.38,-0.24,0.0174,0.4868,樣本數不足 (0/10)，熱身中,KEEP
9911.TW,做空(Short),趨勢空頭,空方進場,0.5504,0.53,0.06,0.0174,0.5423,樣本數不足 (0/10)，熱身中,KEEP
2357.TW,做空(Short),趨勢空頭,空方進場,0.5576,0.35,-0.3,0.0173,0.4746,樣本數不足 (0/10)，熱身中,KEEP
2630.TW,做空(Short),區間盤整,空方進場,0.5574,0.41,-0.18,0.0172,0.4984,樣本數不足 (0/10)，熱身中,KEEP
6916.TW,做空(Short),區間盤整,空方進場,0.5574,0.41,-0.18,0.0172,0.4984,樣本數不足 (0/10)，熱身中,KEEP
6449.TW,做空(Short),區間盤整,空方進場,0.5568,0.41,-0.18,0.017,0.4981,樣本數不足 (0/10)，熱身中,KEEP
1457.TW,做空(Short),區間盤整,空方進場,0.5566,0.41,-0.18,0.017,0.498,樣本數不足 (0/10)，熱身中,KEEP
2504.TW,做空(Short),趨勢空頭,空方進場,0.5565,0.38,-0.24,0.0169,0.4859,樣本數不足 (0/10)，熱身中,KEEP
8210.TW,做空(Short),趨勢空頭,空方進場,0.5564,0.35,-0.3,0.0169,0.4739,樣本數不足 (0/10)，熱身中,KEEP
2597.TW,做多(Long),趨勢空頭,多方進場,0.5487,0.53,0.06,0.0169,0.5412,樣本數不足 (0/10)，熱身中,KEEP
8033.TW,做空(Short),區間盤整,空方進場,0.5561,0.41,-0.18,0.0168,0.4976,樣本數不足 (0/10)，熱身中,KEEP
6116.TW,做多(Long),區間盤整,多方進場,0.5411,0.56,0.12,0.0168,0.5487,樣本數不足 (0/10)，熱身中,KEEP
6446.TW,做空(Short),趨勢空頭,空方進場,0.5558,0.47,-0.06,0.0167,0.5215,樣本數不足 (0/10)，熱身中,KEEP
8104.TW,做空(Short),區間盤整,空方進場,0.5555,0.41,-0.18,0.0166,0.4973,樣本數不足 (0/10)，熱身中,KEEP
1340.TW,做空(Short),區間盤整,空方進場,0.5554,0.47,-0.06,0.0166,0.5212,樣本數不足 (0/10)，熱身中,KEEP
2498.TW,做空(Short),區間盤整,空方進場,0.5552,0.41,-0.18,0.0166,0.4971,樣本數不足 (0/10)，熱身中,KEEP
2613.TW,做多(Long),趨勢空頭,多方進場,0.5478,0.53,0.06,0.0166,0.5407,樣本數不足 (0/10)，熱身中,KEEP
8201.TW,做空(Short),趨勢空頭,空方進場,0.5551,0.41,-0.18,0.0165,0.4971,樣本數不足 (0/10)，熱身中,KEEP
8271.TW,做空(Short),趨勢空頭,空方進場,0.5551,0.41,-0.18,0.0165,0.4971,樣本數不足 (0/10)，熱身中,KEEP
1470.TW,做空(Short),區間盤整,空方進場,0.555,0.44,-0.12,0.0165,0.509,樣本數不足 (0/10)，熱身中,KEEP
6598.TW,做空(Short),區間盤整,空方進場,0.555,0.44,-0.12,0.0165,0.509,樣本數不足 (0/10)，熱身中,KEEP
8926.TW,做空(Short),區間盤整,空方進場,0.5549,0.44,-0.12,0.0165,0.509,樣本數不足 (0/10)，熱身中,KEEP
1563.TW,做空(Short),趨勢空頭,空方進場,0.5546,0.41,-0.18,0.0164,0.4968,樣本數不足 (0/10)，熱身中,KEEP
1504.TW,做空(Short),趨勢空頭,空方進場,0.5545,0.44,-0.12,0.0164,0.5087,樣本數不足 (0/10)，熱身中,KEEP
1612.TW,做空(Short),區間盤整,空方進場,0.5542,0.41,-0.18,0.0163,0.4965,樣本數不足 (0/10)，熱身中,KEEP
1215.TW,做空(Short),趨勢空頭,空方進場,0.5541,0.47,-0.06,0.0162,0.5204,樣本數不足 (0/10)，熱身中,KEEP
4976.TW,做空(Short),區間盤整,空方進場,0.554,0.41,-0.18,0.0162,0.4964,樣本數不足 (0/10)，熱身中,KEEP
6589.TW,做多(Long),趨勢空頭,多方進場,0.5465,0.53,0.06,0.0162,0.5399,樣本數不足 (0/10)，熱身中,KEEP
6552.TW,做多(Long),區間盤整,多方進場,0.5465,0.53,0.06,0.0162,0.5399,樣本數不足 (0/10)，熱身中,KEEP
2762.TW,做空(Short),趨勢空頭,空方進場,0.5537,0.44,-0.12,0.0161,0.5082,樣本數不足 (0/10)，熱身中,KEEP
2453.TW,做空(Short),趨勢空頭,空方進場,0.5537,0.38,-0.24,0.0161,0.4842,樣本數不足 (0/10)，熱身中,KEEP
2332.TW,做多(Long),區間盤整,多方進場,0.5457,0.53,0.06,0.016,0.5394,樣本數不足 (0/10)，熱身中,KEEP
2236.TW,做空(Short),趨勢空頭,空方進場,0.5529,0.47,-0.06,0.0159,0.5198,樣本數不足 (0/10)，熱身中,KEEP
1438.TW,做空(Short),趨勢空頭,空方進場,0.5527,0.47,-0.06,0.0158,0.5196,樣本數不足 (0/10)，熱身中,KEEP
5269.TW,做空(Short),趨勢空頭,空方進場,0.5523,0.5,0.0,0.0157,0.5314,樣本數不足 (0/10)，熱身中,KEEP
2890.TW,做多(Long),區間盤整,多方進場,0.5372,0.56,0.12,0.0157,0.5463,樣本數不足 (0/10)，熱身中,KEEP
3027.TW,做多(Long),趨勢空頭,多方進場,0.5446,0.53,0.06,0.0156,0.5388,樣本數不足 (0/10)，熱身中,KEEP
9910.TW,做空(Short),趨勢空頭,空方進場,0.5518,0.44,-0.12,0.0155,0.5071,樣本數不足 (0/10)，熱身中,KEEP
4536.TW,做空(Short),趨勢空頭,空方進場,0.5516,0.41,-0.18,0.0155,0.495,樣本數不足 (0/10)，熱身中,KEEP
7786.TW,做空(Short),趨勢空頭,空方進場,0.5514,0.44,-0.12,0.0154,0.5068,樣本數不足 (0/10)，熱身中,KEEP
6409.TW,做空(Short),趨勢空頭,空方進場,0.5512,0.38,-0.24,0.0154,0.4827,樣本數不足 (0/10)，熱身中,KEEP
6153.TW,做空(Short),趨勢空頭,空方進場,0.551,0.38,-0.24,0.0153,0.4826,樣本數不足 (0/10)，熱身中,KEEP
2634.TW,做空(Short),趨勢空頭,空方進場,0.5509,0.5,0.0,0.0153,0.5306,樣本數不足 (0/10)，熱身中,KEEP
2402.TW,做多(Long),區間盤整,多方進場,0.5434,0.53,0.06,0.0153,0.538,樣本數不足 (0/10)，熱身中,KEEP
6799.TW,做空(Short),區間盤整,空方進場,0.5504,0.41,-0.18,0.0151,0.4942,樣本數不足 (0/10)，熱身中,KEEP
3035.TW,做空(Short),區間盤整,空方進場,0.5502,0.47,-0.06,0.0151,0.5181,樣本數不足 (0/10)，熱身中,KEEP
6669.TW,做空(Short),趨勢空頭,空方進場,0.55,0.41,-0.18,0.015,0.494,樣本數不足 (0/10)，熱身中,KEEP
6988.TW,做空(Short),趨勢空頭,空方進場,0.5498,0.44,-0.12,0.0149,0.5059,樣本數不足 (0/10)，熱身中,KEEP
1526.TW,做空(Short),區間盤整,空方進場,0.5497,0.44,-0.12,0.0149,0.5058,樣本數不足 (0/10)，熱身中,KEEP
7750.TW,做空(Short),區間盤整,空方進場,0.5494,0.44,-0.12,0.0148,0.5056,樣本數不足 (0/10)，熱身中,KEEP
3588.TW,做空(Short),區間盤整,空方進場,0.5494,0.41,-0.18,0.0148,0.4936,樣本數不足 (0/10)，熱身中,KEEP
1618.TW,做空(Short),趨勢空頭,空方進場,0.5493,0.41,-0.18,0.0148,0.4936,樣本數不足 (0/10)，熱身中,KEEP
3006.TW,做空(Short),趨勢空頭,空方進場,0.5492,0.41,-0.18,0.0148,0.4935,樣本數不足 (0/10)，熱身中,KEEP
6873.TW,做多(Long),趨勢空頭,多方進場,0.5418,0.53,0.06,0.0148,0.5371,樣本數不足 (0/10)，熱身中,KEEP
3015.TW,做空(Short),趨勢空頭,空方進場,0.5491,0.38,-0.24,0.0147,0.4814,樣本數不足 (0/10)，熱身中,KEEP
6901.TW,做空(Short),趨勢空頭,空方進場,0.5489,0.5,0.0,0.0147,0.5294,樣本數不足 (0/10)，熱身中,KEEP
6674.TW,做空(Short),趨勢空頭,空方進場,0.5489,0.44,-0.12,0.0147,0.5053,樣本數不足 (0/10)，熱身中,KEEP
5471.TW,做空(Short),區間盤整,空方進場,0.5484,0.41,-0.18,0.0145,0.493,樣本數不足 (0/10)，熱身中,KEEP
2483.TW,做空(Short),趨勢空頭,空方進場,0.5482,0.41,-0.18,0.0144,0.4929,樣本數不足 (0/10)，熱身中,KEEP
2527.TW,做空(Short),區間盤整,空方進場,0.5481,0.41,-0.18,0.0144,0.4929,樣本數不足 (0/10)，熱身中,KEEP
2454.TW,做空(Short),趨勢空頭,空方進場,0.548,0.47,-0.06,0.0144,0.5168,樣本數不足 (0/10)，熱身中,KEEP
1314.TW,做空(Short),區間盤整,空方進場,0.548,0.44,-0.12,0.0144,0.5048,樣本數不足 (0/10)，熱身中,KEEP
2327.TW,做空(Short),區間盤整,空方進場,0.5476,0.41,-0.18,0.0143,0.4926,樣本數不足 (0/10)，熱身中,KEEP
2491.TW,做空(Short),區間盤整,空方進場,0.5472,0.41,-0.18,0.0141,0.4923,樣本數不足 (0/10)，熱身中,KEEP
4585.TW,做空(Short),區間盤整,空方進場,0.5471,0.41,-0.18,0.0141,0.4923,樣本數不足 (0/10)，熱身中,KEEP
2380.TW,做空(Short),趨勢空頭,空方進場,0.547,0.47,-0.06,0.0141,0.5162,樣本數不足 (0/10)，熱身中,KEEP
6416.TW,做空(Short),區間盤整,空方進場,0.5466,0.41,-0.18,0.014,0.492,樣本數不足 (0/10)，熱身中,KEEP
6614.TW,做空(Short),區間盤整,空方進場,0.5464,0.44,-0.12,0.0139,0.5038,樣本數不足 (0/10)，熱身中,KEEP
6715.TW,做空(Short),趨勢空頭,空方進場,0.5464,0.35,-0.3,0.0139,0.4679,樣本數不足 (0/10)，熱身中,KEEP
4764.TW,做多(Long),趨勢空頭,多方進場,0.5386,0.53,0.06,0.0138,0.5352,樣本數不足 (0/10)，熱身中,KEEP
6949.TW,做空(Short),趨勢空頭,空方進場,0.5457,0.41,-0.18,0.0137,0.4914,樣本數不足 (0/10)，熱身中,KEEP
2603.TW,做空(Short),趨勢空頭,空方進場,0.5456,0.41,-0.18,0.0137,0.4913,樣本數不足 (0/10)，熱身中,KEEP
2889.TW,做空(Short),趨勢空頭,空方進場,0.5456,0.41,-0.18,0.0137,0.4914,樣本數不足 (0/10)，熱身中,KEEP
2364.TW,做多(Long),區間盤整,多方進場,0.5156,0.62,0.24,0.0137,0.5574,樣本數不足 (0/10)，熱身中,KEEP
2324.TW,做空(Short),趨勢空頭,空方進場,0.5449,0.47,-0.06,0.0135,0.515,樣本數不足 (0/10)，熱身中,KEEP
3002.TW,做空(Short),趨勢空頭,空方進場,0.5448,0.5,0.0,0.0134,0.5269,樣本數不足 (0/10)，熱身中,KEEP
2515.TW,做空(Short),趨勢空頭,空方進場,0.5448,0.44,-0.12,0.0134,0.5029,樣本數不足 (0/10)，熱身中,KEEP
9906.TW,做空(Short),區間盤整,空方進場,0.5448,0.44,-0.12,0.0134,0.5029,樣本數不足 (0/10)，熱身中,KEEP
7765.TW,做空(Short),趨勢空頭,空方進場,0.5444,0.44,-0.12,0.0133,0.5027,樣本數不足 (0/10)，熱身中,KEEP
6794.TW,做多(Long),趨勢空頭,多方進場,0.5293,0.56,0.12,0.0133,0.5416,樣本數不足 (0/10)，熱身中,KEEP
6209.TW,做多(Long),區間盤整,多方進場,0.5293,0.56,0.12,0.0133,0.5416,樣本數不足 (0/10)，熱身中,KEEP
3135.TW,做空(Short),趨勢空頭,空方進場,0.5441,0.44,-0.12,0.0132,0.5025,樣本數不足 (0/10)，熱身中,KEEP
3596.TW,做空(Short),趨勢空頭,空方進場,0.5438,0.41,-0.18,0.0131,0.4903,樣本數不足 (0/10)，熱身中,KEEP
1110.TW,做空(Short),趨勢空頭,空方進場,0.5438,0.41,-0.18,0.0131,0.4903,樣本數不足 (0/10)，熱身中,KEEP
1409.TW,做空(Short),趨勢空頭,空方進場,0.5437,0.38,-0.24,0.0131,0.4782,樣本數不足 (0/10)，熱身中,KEEP
7749.TW,做空(Short),區間盤整,空方進場,0.5436,0.41,-0.18,0.0131,0.4902,樣本數不足 (0/10)，熱身中,KEEP
6133.TW,做空(Short),區間盤整,空方進場,0.5434,0.41,-0.18,0.013,0.4901,樣本數不足 (0/10)，熱身中,KEEP
3605.TW,做空(Short),區間盤整,空方進場,0.5429,0.5,0.0,0.0129,0.5257,樣本數不足 (0/10)，熱身中,KEEP
4994.TW,做空(Short),趨勢空頭,空方進場,0.5428,0.47,-0.06,0.0128,0.5137,樣本數不足 (0/10)，熱身中,KEEP
9802.TW,做空(Short),趨勢空頭,空方進場,0.5427,0.44,-0.12,0.0128,0.5016,樣本數不足 (0/10)，熱身中,KEEP
3008.TW,做空(Short),趨勢空頭,空方進場,0.5425,0.38,-0.24,0.0127,0.4775,樣本數不足 (0/10)，熱身中,KEEP
2424.TW,做多(Long),趨勢空頭,多方進場,0.5344,0.53,0.06,0.0126,0.5327,樣本數不足 (0/10)，熱身中,KEEP
2201.TW,做空(Short),趨勢空頭,空方進場,0.5417,0.41,-0.18,0.0125,0.489,樣本數不足 (0/10)，熱身中,KEEP
2404.TW,做多(Long),趨勢空頭,多方進場,0.5337,0.53,0.06,0.0124,0.5322,樣本數不足 (0/10)，熱身中,KEEP
6283.TW,做多(Long),區間盤整,多方進場,0.5187,0.59,0.18,0.0124,0.5472,樣本數不足 (0/10)，熱身中,KEEP
2486.TW,做空(Short),趨勢空頭,空方進場,0.5411,0.44,-0.12,0.0123,0.5007,樣本數不足 (0/10)，熱身中,KEEP
1529.TW,做空(Short),趨勢空頭,空方進場,0.541,0.44,-0.12,0.0123,0.5006,樣本數不足 (0/10)，熱身中,KEEP
1786.TW,做空(Short),趨勢空頭,空方進場,0.5334,0.53,0.06,0.0123,0.532,樣本數不足 (0/10)，熱身中,KEEP
2617.TW,做空(Short),趨勢空頭,空方進場,0.5401,0.41,-0.18,0.012,0.4881,樣本數不足 (0/10)，熱身中,KEEP
6869.TW,做空(Short),趨勢空頭,空方進場,0.5399,0.41,-0.18,0.012,0.4879,樣本數不足 (0/10)，熱身中,KEEP
8039.TW,做多(Long),趨勢空頭,多方進場,0.5246,0.56,0.12,0.0119,0.5387,樣本數不足 (0/10)，熱身中,KEEP
6863.TW,做空(Short),趨勢空頭,空方進場,0.5394,0.44,-0.12,0.0118,0.4996,樣本數不足 (0/10)，熱身中,KEEP
9914.TW,做空(Short),趨勢空頭,空方進場,0.5393,0.44,-0.12,0.0118,0.4996,樣本數不足 (0/10)，熱身中,KEEP
6531.TW,做空(Short),趨勢空頭,空方進場,0.539,0.5,0.0,0.0117,0.5234,樣本數不足 (0/10)，熱身中,KEEP
6272.TW,做空(Short),趨勢空頭,空方進場,0.539,0.44,-0.12,0.0117,0.4994,樣本數不足 (0/10)，熱身中,KEEP
1539.TW,做空(Short),趨勢空頭,空方進場,0.539,0.44,-0.12,0.0117,0.4994,樣本數不足 (0/10)，熱身中,KEEP
1609.TW,做空(Short),趨勢空頭,空方進場,0.5389,0.44,-0.12,0.0117,0.4994,樣本數不足 (0/10)，熱身中,KEEP
6641.TW,做多(Long),趨勢空頭,多方進場,0.5241,0.56,0.12,0.0117,0.5384,樣本數不足 (0/10)，熱身中,KEEP
6525.TW,做空(Short),區間盤整,空方進場,0.5385,0.41,-0.18,0.0116,0.4871,樣本數不足 (0/10)，熱身中,KEEP
8131.TW,做多(Long),區間盤整,多方進場,0.5308,0.53,0.06,0.0115,0.5305,樣本數不足 (0/10)，熱身中,KEEP
1476.TW,做空(Short),趨勢空頭,空方進場,0.5378,0.41,-0.18,0.0113,0.4867,樣本數不足 (0/10)，熱身中,KEEP
1805.TW,做多(Long),趨勢多頭,多方進場,0.53,0.53,0.06,0.0113,0.53,樣本數不足 (0/10)，熱身中,KEEP
2455.TW,做多(Long),趨勢多頭,多方進場,0.53,0.53,0.06,0.0113,0.53,樣本數不足 (0/10)，熱身中,KEEP
1304.TW,做多(Long),趨勢多頭,多方進場,0.53,0.53,0.06,0.0113,0.53,樣本數不足 (0/10)，熱身中,KEEP
7823.TW,做空(Short),趨勢多頭,空方進場,0.53,0.53,0.06,0.0113,0.53,樣本數不足 (0/10)，熱身中,KEEP
9912.TW,做空(Short),趨勢多頭,空方進場,0.53,0.53,0.06,0.0113,0.53,樣本數不足 (0/10)，熱身中,KEEP
1337.TW,做多(Long),趨勢多頭,多方進場,0.53,0.53,0.06,0.0113,0.53,樣本數不足 (0/10)，熱身中,KEEP
4919.TW,做空(Short),趨勢多頭,空方進場,0.53,0.53,0.06,0.0113,0.53,樣本數不足 (0/10)，熱身中,KEEP
4938.TW,做多(Long),趨勢多頭,多方進場,0.53,0.53,0.06,0.0113,0.53,樣本數不足 (0/10)，熱身中,KEEP
1338.TW,做空(Short),趨勢多頭,空方進場,0.53,0.53,0.06,0.0113,0.53,樣本數不足 (0/10)，熱身中,KEEP
1467.TW,做多(Long),趨勢多頭,多方進場,0.53,0.53,0.06,0.0113,0.53,樣本數不足 (0/10)，熱身中,KEEP
1809.TW,做多(Long),趨勢多頭,多方進場,0.53,0.53,0.06,0.0113,0.53,樣本數不足 (0/10)，熱身中,KEEP
4133.TW,做空(Short),趨勢多頭,空方進場,0.53,0.53,0.06,0.0113,0.53,樣本數不足 (0/10)，熱身中,KEEP
6671.TW,做多(Long),趨勢多頭,多方進場,0.53,0.53,0.06,0.0113,0.53,樣本數不足 (0/10)，熱身中,KEEP
5244.TW,做空(Short),趨勢多頭,空方進場,0.53,0.53,0.06,0.0113,0.53,樣本數不足 (0/10)，熱身中,KEEP
2347.TW,做多(Long),趨勢多頭,多方進場,0.53,0.53,0.06,0.0113,0.53,樣本數不足 (0/10)，熱身中,KEEP
1597.TW,做多(Long),趨勢多頭,多方進場,0.53,0.53,0.06,0.0113,0.53,樣本數不足 (0/10)，熱身中,KEEP
2605.TW,做多(Long),趨勢多頭,多方進場,0.53,0.53,0.06,0.0113,0.53,樣本數不足 (0/10)，熱身中,KEEP
3702.TW,做空(Short),趨勢多頭,空方進場,0.53,0.53,0.06,0.0113,0.53,樣本數不足 (0/10)，熱身中,KEEP
2516.TW,做空(Short),趨勢多頭,空方進場,0.53,0.53,0.06,0.0113,0.53,樣本數不足 (0/10)，熱身中,KEEP
3533.TW,做多(Long),趨勢多頭,多方進場,0.53,0.53,0.06,0.0113,0.53,樣本數不足 (0/10)，熱身中,KEEP
3665.TW,做空(Short),趨勢多頭,空方進場,0.53,0.53,0.06,0.0113,0.53,樣本數不足 (0/10)，熱身中,KEEP
2467.TW,做空(Short),趨勢多頭,空方進場,0.53,0.53,0.06,0.0113,0.53,樣本數不足 (0/10)，熱身中,KEEP
3031.TW,做多(Long),趨勢多頭,多方進場,0.53,0.53,0.06,0.0113,0.53,樣本數不足 (0/10)，熱身中,KEEP
2906.TW,做多(Long),趨勢多頭,多方進場,0.53,0.53,0.06,0.0113,0.53,樣本數不足 (0/10)，熱身中,KEEP
2106.TW,做多(Long),趨勢多頭,多方進場,0.53,0.53,0.06,0.0113,0.53,樣本數不足 (0/10)，熱身中,KEEP
1598.TW,做多(Long),趨勢多頭,多方進場,0.53,0.53,0.06,0.0113,0.53,樣本數不足 (0/10)，熱身中,KEEP
3055.TW,做空(Short),趨勢多頭,空方進場,0.53,0.53,0.06,0.0113,0.53,樣本數不足 (0/10)，熱身中,KEEP
6257.TW,做多(Long),趨勢多頭,多方進場,0.53,0.53,0.06,0.0113,0.53,樣本數不足 (0/10)，熱身中,KEEP
2484.TW,做空(Short),趨勢多頭,空方進場,0.53,0.53,0.06,0.0113,0.53,樣本數不足 (0/10)，熱身中,KEEP
2243.TW,做空(Short),趨勢多頭,空方進場,0.53,0.53,0.06,0.0113,0.53,樣本數不足 (0/10)，熱身中,KEEP
2722.TW,做空(Short),趨勢多頭,空方進場,0.53,0.53,0.06,0.0113,0.53,樣本數不足 (0/10)，熱身中,KEEP
5880.TW,做多(Long),趨勢多頭,多方進場,0.53,0.53,0.06,0.0113,0.53,樣本數不足 (0/10)，熱身中,KEEP
8462.TW,做空(Short),區間盤整,空方進場,0.5373,0.41,-0.18,0.0112,0.4864,樣本數不足 (0/10)，熱身中,KEEP
3021.TW,做空(Short),趨勢空頭,空方進場,0.5371,0.41,-0.18,0.0111,0.4862,樣本數不足 (0/10)，熱身中,KEEP
9938.TW,做空(Short),趨勢空頭,空方進場,0.5369,0.41,-0.18,0.0111,0.4862,樣本數不足 (0/10)，熱身中,KEEP
8213.TW,做空(Short),趨勢空頭,空方進場,0.5366,0.38,-0.24,0.011,0.474,樣本數不足 (0/10)，熱身中,KEEP
6756.TW,做空(Short),區間盤整,空方進場,0.5365,0.41,-0.18,0.0109,0.4859,樣本數不足 (0/10)，熱身中,KEEP
4137.TW,做空(Short),趨勢空頭,空方進場,0.5362,0.41,-0.18,0.0109,0.4857,樣本數不足 (0/10)，熱身中,KEEP
2409.TW,做多(Long),區間盤整,多方進場,0.5138,0.59,0.18,0.0109,0.5443,樣本數不足 (0/10)，熱身中,KEEP
2072.TW,做多(Long),區間盤整,多方進場,0.5279,0.53,0.06,0.0106,0.5287,樣本數不足 (0/10)，熱身中,KEEP
3416.TW,做空(Short),區間盤整,空方進場,0.535,0.41,-0.18,0.0105,0.485,樣本數不足 (0/10)，熱身中,KEEP
1587.TW,做空(Short),趨勢空頭,空方進場,0.5348,0.44,-0.12,0.0105,0.4969,樣本數不足 (0/10)，熱身中,KEEP
6743.TW,做空(Short),區間盤整,空方進場,0.5343,0.44,-0.12,0.0103,0.4966,樣本數不足 (0/10)，熱身中,KEEP
2528.TW,做空(Short),趨勢空頭,空方進場,0.5339,0.47,-0.06,0.0102,0.5083,樣本數不足 (0/10)，熱身中,KEEP
1342.TW,做空(Short),趨勢空頭,空方進場,0.5338,0.44,-0.12,0.0102,0.4963,樣本數不足 (0/10)，熱身中,KEEP
6906.TW,做多(Long),趨勢空頭,多方進場,0.5263,0.53,0.06,0.0101,0.5278,樣本數不足 (0/10)，熱身中,KEEP
2314.TW,做多(Long),區間盤整,多方進場,0.5261,0.53,0.06,0.0101,0.5277,樣本數不足 (0/10)，熱身中,KEEP
2204.TW,做空(Short),趨勢空頭,空方進場,0.5329,0.44,-0.12,0.0099,0.4957,樣本數不足 (0/10)，熱身中,KEEP
3504.TW,做空(Short),區間盤整,空方進場,0.5329,0.41,-0.18,0.0099,0.4837,樣本數不足 (0/10)，熱身中,KEEP
2903.TW,做多(Long),區間盤整,多方進場,0.5166,0.56,0.12,0.0095,0.5339,樣本數不足 (0/10)，熱身中,KEEP
3029.TW,做空(Short),趨勢空頭,空方進場,0.5313,0.44,-0.12,0.0094,0.4948,樣本數不足 (0/10)，熱身中,KEEP
9927.TW,做空(Short),區間盤整,空方進場,0.5311,0.47,-0.06,0.0093,0.5066,樣本數不足 (0/10)，熱身中,KEEP
4552.TW,做空(Short),趨勢空頭,空方進場,0.5308,0.44,-0.12,0.0092,0.4945,樣本數不足 (0/10)，熱身中,KEEP
4438.TW,做空(Short),趨勢空頭,空方進場,0.5303,0.47,-0.06,0.0091,0.5062,樣本數不足 (0/10)，熱身中,KEEP
2471.TW,做空(Short),趨勢空頭,空方進場,0.5302,0.35,-0.3,0.0091,0.4581,樣本數不足 (0/10)，熱身中,KEEP
6189.TW,做空(Short),區間盤整,空方進場,0.53,0.44,-0.12,0.009,0.494,樣本數不足 (0/10)，熱身中,KEEP
9943.TW,做空(Short),區間盤整,空方進場,0.5299,0.41,-0.18,0.009,0.482,樣本數不足 (0/10)，熱身中,KEEP
2023.TW,做多(Long),區間盤整,多方進場,0.5001,0.62,0.24,0.009,0.548,樣本數不足 (0/10)，熱身中,KEEP
6282.TW,做多(Long),區間盤整,多方進場,0.5223,0.53,0.06,0.0089,0.5254,樣本數不足 (0/10)，熱身中,KEEP
6591.TW,做空(Short),趨勢空頭,空方進場,0.5295,0.41,-0.18,0.0088,0.4817,樣本數不足 (0/10)，熱身中,KEEP
1236.TW,做空(Short),趨勢空頭,空方進場,0.5293,0.44,-0.12,0.0088,0.4936,樣本數不足 (0/10)，熱身中,KEEP
1225.TW,做多(Long),區間盤整,多方進場,0.5067,0.59,0.18,0.0088,0.54,樣本數不足 (0/10)，熱身中,KEEP
1532.TW,做空(Short),趨勢空頭,空方進場,0.529,0.44,-0.12,0.0087,0.4934,樣本數不足 (0/10)，熱身中,KEEP
2449.TW,做空(Short),區間盤整,空方進場,0.5289,0.41,-0.18,0.0087,0.4813,樣本數不足 (0/10)，熱身中,KEEP
1473.TW,做空(Short),趨勢空頭,空方進場,0.5288,0.41,-0.18,0.0086,0.4813,樣本數不足 (0/10)，熱身中,KEEP
1517.TW,做空(Short),區間盤整,空方進場,0.5287,0.5,0.0,0.0086,0.5172,樣本數不足 (0/10)，熱身中,KEEP
2439.TW,做空(Short),趨勢空頭,空方進場,0.5286,0.38,-0.24,0.0086,0.4692,樣本數不足 (0/10)，熱身中,KEEP
6668.TW,做空(Short),趨勢空頭,空方進場,0.5285,0.44,-0.12,0.0085,0.4931,樣本數不足 (0/10)，熱身中,KEEP
2887.TW,做多(Long),趨勢空頭,多方進場,0.5208,0.53,0.06,0.0085,0.5245,樣本數不足 (0/10)，熱身中,KEEP
2328.TW,做空(Short),趨勢空頭,空方進場,0.5277,0.44,-0.12,0.0083,0.4926,樣本數不足 (0/10)，熱身中,KEEP
3669.TW,做空(Short),區間盤整,空方進場,0.5277,0.44,-0.12,0.0083,0.4926,樣本數不足 (0/10)，熱身中,KEEP
3576.TW,做多(Long),區間盤整,多方進場,0.5203,0.53,0.06,0.0083,0.5242,樣本數不足 (0/10)，熱身中,KEEP
6921.TW,做空(Short),趨勢空頭,空方進場,0.5274,0.38,-0.24,0.0082,0.4684,樣本數不足 (0/10)，熱身中,KEEP
1611.TW,做空(Short),區間盤整,空方進場,0.5272,0.44,-0.12,0.0082,0.4923,樣本數不足 (0/10)，熱身中,KEEP
1626.TW,做空(Short),趨勢空頭,空方進場,0.5271,0.41,-0.18,0.0081,0.4803,樣本數不足 (0/10)，熱身中,KEEP
1762.TW,做空(Short),趨勢空頭,空方進場,0.527,0.38,-0.24,0.0081,0.4682,樣本數不足 (0/10)，熱身中,KEEP
3016.TW,做空(Short),趨勢空頭,空方進場,0.5265,0.44,-0.12,0.0079,0.4919,樣本數不足 (0/10)，熱身中,KEEP
1616.TW,做空(Short),趨勢空頭,空方進場,0.5257,0.44,-0.12,0.0077,0.4914,樣本數不足 (0/10)，熱身中,KEEP
1414.TW,做空(Short),趨勢空頭,空方進場,0.5257,0.41,-0.18,0.0077,0.4794,樣本數不足 (0/10)，熱身中,KEEP
8429.TW,做空(Short),趨勢空頭,空方進場,0.5257,0.41,-0.18,0.0077,0.4794,樣本數不足 (0/10)，熱身中,KEEP
6202.TW,做空(Short),趨勢空頭,空方進場,0.5257,0.38,-0.24,0.0077,0.4674,樣本數不足 (0/10)，熱身中,KEEP
2444.TW,做空(Short),區間盤整,空方進場,0.5255,0.44,-0.12,0.0077,0.4913,樣本數不足 (0/10)，熱身中,KEEP
6278.TW,做空(Short),區間盤整,空方進場,0.5253,0.44,-0.12,0.0076,0.4912,樣本數不足 (0/10)，熱身中,KEEP
1773.TW,做空(Short),區間盤整,空方進場,0.5252,0.47,-0.06,0.0075,0.5031,樣本數不足 (0/10)，熱身中,KEEP
8081.TW,做空(Short),趨勢空頭,空方進場,0.5246,0.41,-0.18,0.0074,0.4788,樣本數不足 (0/10)，熱身中,KEEP
5519.TW,做空(Short),趨勢空頭,空方進場,0.5234,0.35,-0.3,0.007,0.454,樣本數不足 (0/10)，熱身中,KEEP
1443.TW,做空(Short),趨勢空頭,空方進場,0.5233,0.5,0.0,0.007,0.514,樣本數不足 (0/10)，熱身中,KEEP
1468.TW,做空(Short),趨勢空頭,空方進場,0.5227,0.47,-0.06,0.0068,0.5016,樣本數不足 (0/10)，熱身中,KEEP
6670.TW,做空(Short),區間盤整,空方進場,0.5226,0.47,-0.06,0.0068,0.5015,樣本數不足 (0/10)，熱身中,KEEP
1808.TW,做空(Short),區間盤整,空方進場,0.5226,0.41,-0.18,0.0068,0.4775,樣本數不足 (0/10)，熱身中,KEEP
6214.TW,做空(Short),趨勢空頭,空方進場,0.5226,0.41,-0.18,0.0068,0.4776,樣本數不足 (0/10)，熱身中,KEEP
6722.TW,做空(Short),趨勢空頭,空方進場,0.5222,0.41,-0.18,0.0067,0.4773,樣本數不足 (0/10)，熱身中,KEEP
2464.TW,做空(Short),區間盤整,空方進場,0.522,0.41,-0.18,0.0066,0.4772,樣本數不足 (0/10)，熱身中,KEEP
2432.TW,做空(Short),趨勢空頭,空方進場,0.5219,0.41,-0.18,0.0066,0.4771,樣本數不足 (0/10)，熱身中,KEEP
6914.TW,做空(Short),趨勢空頭,空方進場,0.5218,0.5,0.0,0.0065,0.5131,樣本數不足 (0/10)，熱身中,KEEP
1795.TW,做空(Short),趨勢空頭,空方進場,0.5217,0.44,-0.12,0.0065,0.489,樣本數不足 (0/10)，熱身中,KEEP
5907.TW,做空(Short),區間盤整,空方進場,0.5217,0.41,-0.18,0.0065,0.477,樣本數不足 (0/10)，熱身中,KEEP
2610.TW,做空(Short),趨勢空頭,空方進場,0.5217,0.41,-0.18,0.0065,0.477,樣本數不足 (0/10)，熱身中,KEEP
1712.TW,做空(Short),趨勢空頭,空方進場,0.5217,0.38,-0.24,0.0065,0.465,樣本數不足 (0/10)，熱身中,KEEP
5521.TW,做空(Short),趨勢空頭,空方進場,0.5216,0.47,-0.06,0.0065,0.501,樣本數不足 (0/10)，熱身中,KEEP
2421.TW,做空(Short),區間盤整,空方進場,0.5216,0.41,-0.18,0.0065,0.477,樣本數不足 (0/10)，熱身中,KEEP
1442.TW,做空(Short),區間盤整,空方進場,0.5214,0.44,-0.12,0.0064,0.4888,樣本數不足 (0/10)，熱身中,KEEP
6923.TW,做空(Short),趨勢空頭,空方進場,0.5208,0.44,-0.12,0.0062,0.4885,樣本數不足 (0/10)，熱身中,KEEP
4770.TW,做空(Short),區間盤整,空方進場,0.5207,0.44,-0.12,0.0062,0.4884,樣本數不足 (0/10)，熱身中,KEEP
2606.TW,做空(Short),趨勢空頭,空方進場,0.5206,0.38,-0.24,0.0062,0.4644,樣本數不足 (0/10)，熱身中,KEEP
8367.TW,做空(Short),趨勢空頭,空方進場,0.5205,0.41,-0.18,0.0061,0.4763,樣本數不足 (0/10)，熱身中,KEEP
2891.TW,做多(Long),區間盤整,多方進場,0.5054,0.56,0.12,0.0061,0.5272,樣本數不足 (0/10)，熱身中,KEEP
7799.TW,做空(Short),趨勢空頭,空方進場,0.5198,0.44,-0.12,0.0059,0.4879,樣本數不足 (0/10)，熱身中,KEEP
1435.TW,做空(Short),趨勢空頭,空方進場,0.5197,0.41,-0.18,0.0059,0.4758,樣本數不足 (0/10)，熱身中,KEEP
6902.TW,做空(Short),趨勢空頭,空方進場,0.5192,0.38,-0.24,0.0058,0.4635,樣本數不足 (0/10)，熱身中,KEEP
4722.TW,做空(Short),區間盤整,空方進場,0.5186,0.44,-0.12,0.0056,0.4871,樣本數不足 (0/10)，熱身中,KEEP
8404.TW,做空(Short),趨勢空頭,空方進場,0.5185,0.47,-0.06,0.0056,0.4991,樣本數不足 (0/10)，熱身中,KEEP
6605.TW,做空(Short),趨勢空頭,空方進場,0.5182,0.38,-0.24,0.0055,0.4629,樣本數不足 (0/10)，熱身中,KEEP
6666.TW,做多(Long),區間盤整,多方進場,0.5033,0.56,0.12,0.0055,0.526,樣本數不足 (0/10)，熱身中,KEEP
8110.TW,做空(Short),區間盤整,空方進場,0.518,0.41,-0.18,0.0054,0.4748,樣本數不足 (0/10)，熱身中,KEEP
6426.TW,做多(Long),區間盤整,多方進場,0.4954,0.59,0.18,0.0054,0.5332,樣本數不足 (0/10)，熱身中,KEEP
4934.TW,做空(Short),區間盤整,空方進場,0.5172,0.41,-0.18,0.0051,0.4743,樣本數不足 (0/10)，熱身中,KEEP
2904.TW,做空(Short),區間盤整,空方進場,0.517,0.44,-0.12,0.0051,0.4862,樣本數不足 (0/10)，熱身中,KEEP
3535.TW,做空(Short),趨勢空頭,空方進場,0.5165,0.5,0.0,0.0049,0.5099,樣本數不足 (0/10)，熱身中,KEEP
2353.TW,做空(Short),區間盤整,空方進場,0.5163,0.41,-0.18,0.0049,0.4738,樣本數不足 (0/10)，熱身中,KEEP
1464.TW,做空(Short),趨勢空頭,空方進場,0.516,0.44,-0.12,0.0048,0.4856,樣本數不足 (0/10)，熱身中,KEEP
4108.TW,做空(Short),趨勢空頭,空方進場,0.5158,0.41,-0.18,0.0047,0.4735,樣本數不足 (0/10)，熱身中,KEEP
4439.TW,做空(Short),趨勢空頭,空方進場,0.5152,0.44,-0.12,0.0046,0.4851,樣本數不足 (0/10)，熱身中,KEEP
9935.TW,做空(Short),趨勢空頭,空方進場,0.515,0.38,-0.24,0.0045,0.461,樣本數不足 (0/10)，熱身中,KEEP
4557.TW,做空(Short),趨勢空頭,空方進場,0.5149,0.44,-0.12,0.0045,0.4849,樣本數不足 (0/10)，熱身中,KEEP
6835.TW,做空(Short),趨勢空頭,空方進場,0.5147,0.44,-0.12,0.0044,0.4848,樣本數不足 (0/10)，熱身中,KEEP
6955.TW,做空(Short),趨勢空頭,空方進場,0.5145,0.47,-0.06,0.0043,0.4967,樣本數不足 (0/10)，熱身中,KEEP
6994.TW,做空(Short),趨勢空頭,空方進場,0.514,0.41,-0.18,0.0042,0.4724,樣本數不足 (0/10)，熱身中,KEEP
6861.TW,做多(Long),趨勢空頭,多方進場,0.5065,0.53,0.06,0.0042,0.5159,樣本數不足 (0/10)，熱身中,KEEP
2480.TW,做空(Short),趨勢空頭,空方進場,0.5137,0.41,-0.18,0.0041,0.4722,樣本數不足 (0/10)，熱身中,KEEP
2880.TW,做多(Long),趨勢空頭,多方進場,0.5061,0.53,0.06,0.0041,0.5157,樣本數不足 (0/10)，熱身中,KEEP
2543.TW,做空(Short),趨勢空頭,空方進場,0.5134,0.44,-0.12,0.004,0.4841,樣本數不足 (0/10)，熱身中,KEEP
3501.TW,做空(Short),趨勢空頭,空方進場,0.5133,0.41,-0.18,0.004,0.472,樣本數不足 (0/10)，熱身中,KEEP
2362.TW,做空(Short),區間盤整,空方進場,0.5126,0.41,-0.18,0.0038,0.4715,樣本數不足 (0/10)，熱身中,KEEP
1802.TW,做空(Short),區間盤整,空方進場,0.5124,0.44,-0.12,0.0037,0.4834,樣本數不足 (0/10)，熱身中,KEEP
3661.TW,做空(Short),區間盤整,空方進場,0.5115,0.44,-0.12,0.0035,0.4829,樣本數不足 (0/10)，熱身中,KEEP
1617.TW,做空(Short),趨勢空頭,空方進場,0.5113,0.41,-0.18,0.0034,0.4708,樣本數不足 (0/10)，熱身中,KEEP
1432.TW,做空(Short),趨勢空頭,空方進場,0.5111,0.38,-0.24,0.0033,0.4587,樣本數不足 (0/10)，熱身中,KEEP
4915.TW,做空(Short),趨勢空頭,空方進場,0.511,0.38,-0.24,0.0033,0.4586,樣本數不足 (0/10)，熱身中,KEEP
1410.TW,做空(Short),趨勢空頭,空方進場,0.5105,0.41,-0.18,0.0031,0.4703,樣本數不足 (0/10)，熱身中,KEEP
2607.TW,做空(Short),趨勢空頭,空方進場,0.5102,0.41,-0.18,0.0031,0.4701,樣本數不足 (0/10)，熱身中,KEEP
2477.TW,做空(Short),區間盤整,空方進場,0.5101,0.47,-0.06,0.003,0.4941,樣本數不足 (0/10)，熱身中,KEEP
1540.TW,做空(Short),趨勢空頭,空方進場,0.5098,0.38,-0.24,0.0029,0.4579,樣本數不足 (0/10)，熱身中,KEEP
2478.TW,做空(Short),區間盤整,空方進場,0.5094,0.44,-0.12,0.0028,0.4816,樣本數不足 (0/10)，熱身中,KEEP
6139.TW,做空(Short),區間盤整,空方進場,0.5094,0.44,-0.12,0.0028,0.4816,樣本數不足 (0/10)，熱身中,KEEP
2239.TW,做空(Short),趨勢空頭,空方進場,0.5094,0.38,-0.24,0.0028,0.4577,樣本數不足 (0/10)，熱身中,KEEP
2547.TW,做空(Short),趨勢空頭,空方進場,0.5091,0.44,-0.12,0.0027,0.4815,樣本數不足 (0/10)，熱身中,KEEP
2211.TW,做空(Short),區間盤整,空方進場,0.509,0.44,-0.12,0.0027,0.4814,樣本數不足 (0/10)，熱身中,KEEP
6128.TW,做空(Short),趨勢空頭,空方進場,0.5088,0.44,-0.12,0.0026,0.4813,樣本數不足 (0/10)，熱身中,KEEP
4588.TW,做空(Short),趨勢空頭,空方進場,0.5075,0.41,-0.18,0.0023,0.4685,樣本數不足 (0/10)，熱身中,KEEP
2524.TW,做多(Long),區間盤整,多方進場,0.4926,0.56,0.12,0.0023,0.5196,樣本數不足 (0/10)，熱身中,KEEP
1515.TW,做空(Short),趨勢空頭,空方進場,0.5074,0.38,-0.24,0.0022,0.4564,樣本數不足 (0/10)，熱身中,KEEP
6165.TW,做空(Short),趨勢空頭,空方進場,0.5073,0.47,-0.06,0.0022,0.4924,樣本數不足 (0/10)，熱身中,KEEP
2545.TW,做空(Short),區間盤整,空方進場,0.5073,0.44,-0.12,0.0022,0.4804,樣本數不足 (0/10)，熱身中,KEEP
2329.TW,做空(Short),區間盤整,空方進場,0.5065,0.44,-0.12,0.002,0.4799,樣本數不足 (0/10)，熱身中,KEEP
2753.TW,做空(Short),區間盤整,空方進場,0.5062,0.44,-0.12,0.0019,0.4797,樣本數不足 (0/10)，熱身中,KEEP
8996.TW,做空(Short),區間盤整,空方進場,0.5061,0.38,-0.24,0.0018,0.4557,樣本數不足 (0/10)，熱身中,KEEP
8442.TW,做空(Short),趨勢空頭,空方進場,0.5054,0.44,-0.12,0.0016,0.4792,樣本數不足 (0/10)，熱身中,KEEP
6414.TW,做空(Short),區間盤整,空方進場,0.5052,0.47,-0.06,0.0015,0.4911,樣本數不足 (0/10)，熱身中,KEEP
6117.TW,做空(Short),區間盤整,空方進場,0.505,0.41,-0.18,0.0015,0.467,樣本數不足 (0/10)，熱身中,KEEP
1434.TW,做空(Short),趨勢空頭,空方進場,0.5049,0.38,-0.24,0.0015,0.4549,樣本數不足 (0/10)，熱身中,KEEP
6625.TW,做空(Short),趨勢空頭,空方進場,0.5048,0.38,-0.24,0.0014,0.4549,樣本數不足 (0/10)，熱身中,KEEP
2338.TW,做多(Long),區間盤整,多方進場,0.4895,0.56,0.12,0.0014,0.5177,樣本數不足 (0/10)，熱身中,KEEP
3712.TW,做空(Short),區間盤整,空方進場,0.5044,0.5,0.0,0.0013,0.5026,樣本數不足 (0/10)，熱身中,KEEP
6958.TW,做空(Short),區間盤整,空方進場,0.5041,0.47,-0.06,0.0012,0.4905,樣本數不足 (0/10)，熱身中,KEEP
5906.TW,做空(Short),趨勢空頭,空方進場,0.5034,0.44,-0.12,0.001,0.478,樣本數不足 (0/10)，熱身中,KEEP
2420.TW,做空(Short),區間盤整,空方進場,0.503,0.41,-0.18,0.0009,0.4658,樣本數不足 (0/10)，熱身中,KEEP
3376.TW,做空(Short),區間盤整,空方進場,0.5028,0.41,-0.18,0.0008,0.4657,樣本數不足 (0/10)，熱身中,KEEP
2915.TW,做空(Short),趨勢空頭,空方進場,0.5027,0.38,-0.24,0.0008,0.4536,樣本數不足 (0/10)，熱身中,KEEP
3046.TW,做空(Short),趨勢空頭,空方進場,0.5025,0.41,-0.18,0.0008,0.4655,樣本數不足 (0/10)，熱身中,KEEP
6281.TW,做空(Short),趨勢空頭,空方進場,0.5025,0.41,-0.18,0.0007,0.4655,樣本數不足 (0/10)，熱身中,KEEP
4572.TW,做空(Short),區間盤整,空方進場,0.5019,0.47,-0.06,0.0006,0.4892,樣本數不足 (0/10)，熱身中,KEEP
9905.TW,做空(Short),趨勢空頭,空方進場,0.5016,0.38,-0.24,0.0005,0.4529,樣本數不足 (0/10)，熱身中,KEEP
2939.TW,做空(Short),趨勢空頭,空方進場,0.5013,0.41,-0.18,0.0004,0.4648,樣本數不足 (0/10)，熱身中,KEEP
1525.TW,做空(Short),區間盤整,空方進場,0.5006,0.44,-0.12,0.0002,0.4764,樣本數不足 (0/10)，熱身中,KEEP
1708.TW,做空(Short),趨勢多頭,空方進場,0.5,0.5,0.0,0.0,0.5,樣本數不足 (0/10)，熱身中,KEEP
6515.TW,做空(Short),趨勢多頭,空方進場,0.5,0.5,0.0,0.0,0.5,樣本數不足 (0/10)，熱身中,KEEP
2107.TW,做空(Short),趨勢多頭,空方進場,0.5,0.5,0.0,0.0,0.5,樣本數不足 (0/10)，熱身中,KEEP
2313.TW,做空(Short),趨勢多頭,空方進場,0.5,0.5,0.0,0.0,0.5,樣本數不足 (0/10)，熱身中,KEEP
6934.TW,做空(Short),趨勢多頭,空方進場,0.5,0.5,0.0,0.0,0.5,樣本數不足 (0/10)，熱身中,KEEP
3528.TW,做空(Short),趨勢多頭,空方進場,0.5,0.5,0.0,0.0,0.5,樣本數不足 (0/10)，熱身中,KEEP
5522.TW,做空(Short),趨勢多頭,空方進場,0.5,0.5,0.0,0.0,0.5,樣本數不足 (0/10)，熱身中,KEEP
1418.TW,做空(Short),趨勢多頭,空方進場,0.5,0.5,0.0,0.0,0.5,樣本數不足 (0/10)，熱身中,KEEP
7721.TW,做空(Short),趨勢多頭,空方進場,0.5,0.5,0.0,0.0,0.5,樣本數不足 (0/10)，熱身中,KEEP
1530.TW,做空(Short),趨勢多頭,空方進場,0.5,0.5,0.0,0.0,0.5,樣本數不足 (0/10)，熱身中,KEEP
1103.TW,做空(Short),趨勢多頭,空方進場,0.5,0.5,0.0,0.0,0.5,樣本數不足 (0/10)，熱身中,KEEP
9940.TW,做空(Short),趨勢多頭,空方進場,0.5,0.5,0.0,0.0,0.5,樣本數不足 (0/10)，熱身中,KEEP
5533.TW,做空(Short),趨勢多頭,空方進場,0.5,0.5,0.0,0.0,0.5,樣本數不足 (0/10)，熱身中,KEEP
1325.TW,做空(Short),趨勢多頭,空方進場,0.5,0.5,0.0,0.0,0.5,樣本數不足 (0/10)，熱身中,KEEP
3150.TW,做空(Short),趨勢多頭,空方進場,0.5,0.5,0.0,0.0,0.5,樣本數不足 (0/10)，熱身中,KEEP
1734.TW,做空(Short),趨勢多頭,空方進場,0.5,0.5,0.0,0.0,0.5,樣本數不足 (0/10)，熱身中,KEEP
6834.TW,做空(Short),趨勢多頭,空方進場,0.5,0.5,0.0,0.0,0.5,樣本數不足 (0/10)，熱身中,KEEP
1702.TW,做空(Short),趨勢多頭,空方進場,0.5,0.5,0.0,0.0,0.5,樣本數不足 (0/10)，熱身中,KEEP
6405.TW,做空(Short),趨勢多頭,空方進場,0.5,0.5,0.0,0.0,0.5,樣本數不足 (0/10)，熱身中,KEEP
1531.TW,做空(Short),趨勢多頭,空方進場,0.5,0.5,0.0,0.0,0.5,樣本數不足 (0/10)，熱身中,KEEP
2945.TW,做空(Short),趨勢多頭,空方進場,0.5,0.5,0.0,0.0,0.5,樣本數不足 (0/10)，熱身中,KEEP
5203.TW,做空(Short),趨勢多頭,空方進場,0.5,0.5,0.0,0.0,0.5,樣本數不足 (0/10)，熱身中,KEEP
2615.TW,做空(Short),趨勢多頭,空方進場,0.5,0.5,0.0,0.0,0.5,樣本數不足 (0/10)，熱身中,KEEP
2305.TW,做空(Short),趨勢多頭,空方進場,0.5,0.5,0.0,0.0,0.5,樣本數不足 (0/10)，熱身中,KEEP
6655.TW,做空(Short),趨勢多頭,空方進場,0.5,0.5,0.0,0.0,0.5,樣本數不足 (0/10)，熱身中,KEEP
6754.TW,做空(Short),趨勢多頭,空方進場,0.5,0.5,0.0,0.0,0.5,樣本數不足 (0/10)，熱身中,KEEP
3296.TW,做空(Short),趨勢多頭,空方進場,0.5,0.5,0.0,0.0,0.5,樣本數不足 (0/10)，熱身中,KEEP
3062.TW,做空(Short),趨勢多頭,空方進場,0.5,0.5,0.0,0.0,0.5,樣本數不足 (0/10)，熱身中,KEEP
1582.TW,做空(Short),趨勢多頭,空方進場,0.5,0.5,0.0,0.0,0.5,樣本數不足 (0/10)，熱身中,KEEP
2032.TW,做空(Short),趨勢多頭,空方進場,0.5,0.5,0.0,0.0,0.5,樣本數不足 (0/10)，熱身中,KEEP
2514.TW,做空(Short),趨勢多頭,空方進場,0.5,0.5,0.0,0.0,0.5,樣本數不足 (0/10)，熱身中,KEEP
6606.TW,做空(Short),趨勢多頭,空方進場,0.5,0.5,0.0,0.0,0.5,樣本數不足 (0/10)，熱身中,KEEP
6936.TW,做空(Short),趨勢多頭,空方進場,0.5,0.5,0.0,0.0,0.5,樣本數不足 (0/10)，熱身中,KEEP
4426.TW,做空(Short),趨勢多頭,空方進場,0.5,0.5,0.0,0.0,0.5,樣本數不足 (0/10)，熱身中,KEEP
2836.TW,做空(Short),趨勢多頭,空方進場,0.5,0.5,0.0,0.0,0.5,樣本數不足 (0/10)，熱身中,KEEP
6771.TW,做空(Short),趨勢多頭,空方進場,0.5,0.5,0.0,0.0,0.5,樣本數不足 (0/10)，熱身中,KEEP
1475.TW,做空(Short),趨勢多頭,空方進場,0.5,0.5,0.0,0.0,0.5,樣本數不足 (0/10)，熱身中,KEEP
4581.TW,做空(Short),趨勢多頭,空方進場,0.5,0.5,0.0,0.0,0.5,樣本數不足 (0/10)，熱身中,KEEP
2020.TW,做空(Short),趨勢多頭,空方進場,0.5,0.5,0.0,0.0,0.5,樣本數不足 (0/10)，熱身中,KEEP
2489.TW,做空(Short),區間盤整,空方進場,0.4999,0.44,-0.12,0.0,0.476,樣本數不足 (0/10)，熱身中,KEEP
6919.TW,做空(Short),趨勢空頭,空方進場,0.4977,0.44,-0.12,0.0,0.4746,樣本數不足 (0/10)，熱身中,KEEP
5288.TW,做空(Short),趨勢空頭,空方進場,0.497,0.41,-0.18,0.0,0.4622,樣本數不足 (0/10)，熱身中,KEEP
6965.TW,做空(Short),區間盤整,空方進場,0.4968,0.44,-0.12,0.0,0.4741,樣本數不足 (0/10)，熱身中,KEEP
2535.TW,做空(Short),區間盤整,空方進場,0.4963,0.41,-0.18,0.0,0.4618,樣本數不足 (0/10)，熱身中,KEEP
2546.TW,做空(Short),趨勢空頭,空方進場,0.4958,0.44,-0.12,0.0,0.4735,樣本數不足 (0/10)，熱身中,KEEP
1603.TW,做空(Short),趨勢空頭,空方進場,0.4951,0.44,-0.12,0.0,0.4731,樣本數不足 (0/10)，熱身中,KEEP
2414.TW,做空(Short),趨勢空頭,空方進場,0.495,0.38,-0.24,0.0,0.449,樣本數不足 (0/10)，熱身中,KEEP
1101.TW,做空(Short),趨勢空頭,空方進場,0.4942,0.47,-0.06,0.0,0.4845,樣本數不足 (0/10)，熱身中,KEEP
5215.TW,做空(Short),區間盤整,空方進場,0.4941,0.41,-0.18,0.0,0.4605,樣本數不足 (0/10)，熱身中,KEEP
6431.TW,做空(Short),趨勢空頭,空方進場,0.4938,0.44,-0.12,0.0,0.4723,樣本數不足 (0/10)，熱身中,KEEP
3450.TW,做空(Short),區間盤整,空方進場,0.4927,0.44,-0.12,0.0,0.4716,樣本數不足 (0/10)，熱身中,KEEP
2646.TW,做空(Short),趨勢空頭,空方進場,0.4922,0.5,0.0,0.0,0.4953,樣本數不足 (0/10)，熱身中,KEEP
3679.TW,做多(Long),區間盤整,多方進場,0.4919,0.53,0.06,0.0,0.5071,樣本數不足 (0/10)，熱身中,KEEP
3701.TW,做多(Long),區間盤整,多方進場,0.4919,0.53,0.06,0.0,0.5072,樣本數不足 (0/10)，熱身中,KEEP
2429.TW,做空(Short),趨勢空頭,空方進場,0.4918,0.41,-0.18,0.0,0.4591,樣本數不足 (0/10)，熱身中,KEEP
6442.TW,做空(Short),區間盤整,空方進場,0.4915,0.47,-0.06,0.0,0.4829,樣本數不足 (0/10)，熱身中,KEEP
2905.TW,做空(Short),趨勢空頭,空方進場,0.4914,0.44,-0.12,0.0,0.4708,樣本數不足 (0/10)，熱身中,KEEP
2929.TW,做多(Long),趨勢空頭,多方進場,0.4908,0.53,0.06,0.0,0.5065,樣本數不足 (0/10)，熱身中,KEEP
6581.TW,做空(Short),區間盤整,空方進場,0.4903,0.44,-0.12,0.0,0.4702,樣本數不足 (0/10)，熱身中,KEEP
2611.TW,做空(Short),趨勢空頭,空方進場,0.4897,0.41,-0.18,0.0,0.4578,樣本數不足 (0/10)，熱身中,KEEP
7705.TW,做空(Short),趨勢空頭,空方進場,0.4892,0.47,-0.06,0.0,0.4815,樣本數不足 (0/10)，熱身中,KEEP
2492.TW,做空(Short),區間盤整,空方進場,0.4884,0.44,-0.12,0.0,0.4691,樣本數不足 (0/10)，熱身中,KEEP
2247.TW,做多(Long),趨勢空頭,多方進場,0.4879,0.53,0.06,0.0,0.5047,樣本數不足 (0/10)，熱身中,KEEP
1440.TW,做空(Short),區間盤整,空方進場,0.4876,0.41,-0.18,0.0,0.4566,樣本數不足 (0/10)，熱身中,KEEP
1402.TW,做空(Short),趨勢空頭,空方進場,0.4873,0.41,-0.18,0.0,0.4564,樣本數不足 (0/10)，熱身中,KEEP
1535.TW,做空(Short),趨勢空頭,空方進場,0.4869,0.35,-0.3,0.0,0.4321,樣本數不足 (0/10)，熱身中,KEEP
3056.TW,做空(Short),趨勢空頭,空方進場,0.4868,0.5,0.0,0.0,0.4921,樣本數不足 (0/10)，熱身中,KEEP
4960.TW,做空(Short),趨勢空頭,空方進場,0.4863,0.5,0.0,0.0,0.4918,樣本數不足 (0/10)，熱身中,KEEP
4569.TW,做空(Short),區間盤整,空方進場,0.4841,0.47,-0.06,0.0,0.4785,樣本數不足 (0/10)，熱身中,KEEP
2838.TW,做空(Short),區間盤整,空方進場,0.4841,0.44,-0.12,0.0,0.4665,樣本數不足 (0/10)，熱身中,KEEP
3703.TW,做空(Short),區間盤整,空方進場,0.4836,0.41,-0.18,0.0,0.4542,樣本數不足 (0/10)，熱身中,KEEP
2344.TW,做多(Long),區間盤整,多方進場,0.4835,0.56,0.12,0.0,0.5141,樣本數不足 (0/10)，熱身中,KEEP
2423.TW,做空(Short),區間盤整,空方進場,0.4833,0.44,-0.12,0.0,0.466,樣本數不足 (0/10)，熱身中,KEEP
1783.TW,做空(Short),區間盤整,空方進場,0.483,0.41,-0.18,0.0,0.4538,樣本數不足 (0/10)，熱身中,KEEP
1522.TW,做空(Short),趨勢空頭,空方進場,0.4828,0.47,-0.06,0.0,0.4777,樣本數不足 (0/10)，熱身中,KEEP
6216.TW,做空(Short),趨勢空頭,空方進場,0.4827,0.38,-0.24,0.0,0.4416,樣本數不足 (0/10)，熱身中,KEEP
1233.TW,做空(Short),趨勢空頭,空方進場,0.4822,0.44,-0.12,0.0,0.4653,樣本數不足 (0/10)，熱身中,KEEP
3652.TW,做空(Short),區間盤整,空方進場,0.482,0.41,-0.18,0.0,0.4532,樣本數不足 (0/10)，熱身中,KEEP
6908.TW,做多(Long),區間盤整,多方進場,0.4817,0.56,0.12,0.0,0.513,樣本數不足 (0/10)，熱身中,KEEP
2705.TW,做多(Long),區間盤整,多方進場,0.4801,0.56,0.12,0.0,0.5121,樣本數不足 (0/10)，熱身中,KEEP
2642.TW,做空(Short),趨勢空頭,空方進場,0.4795,0.44,-0.12,0.0,0.4637,樣本數不足 (0/10)，熱身中,KEEP
9904.TW,做空(Short),趨勢空頭,空方進場,0.4794,0.41,-0.18,0.0,0.4517,樣本數不足 (0/10)，熱身中,KEEP
4807.TW,做空(Short),趨勢空頭,空方進場,0.4792,0.44,-0.12,0.0,0.4635,樣本數不足 (0/10)，熱身中,KEEP
5225.TW,做空(Short),趨勢空頭,空方進場,0.4791,0.5,0.0,0.0,0.4875,樣本數不足 (0/10)，熱身中,KEEP
2542.TW,做空(Short),區間盤整,空方進場,0.4788,0.41,-0.18,0.0,0.4513,樣本數不足 (0/10)，熱身中,KEEP
2707.TW,做多(Long),區間盤整,多方進場,0.4784,0.56,0.12,0.0,0.511,樣本數不足 (0/10)，熱身中,KEEP
1201.TW,做多(Long),趨勢空頭,多方進場,0.4778,0.56,0.12,0.0,0.5107,樣本數不足 (0/10)，熱身中,KEEP
1623.TW,做空(Short),區間盤整,空方進場,0.4772,0.44,-0.12,0.0,0.4623,樣本數不足 (0/10)，熱身中,KEEP
4999.TW,做空(Short),趨勢空頭,空方進場,0.4771,0.44,-0.12,0.0,0.4622,樣本數不足 (0/10)，熱身中,KEEP
1533.TW,做空(Short),區間盤整,空方進場,0.4764,0.41,-0.18,0.0,0.4499,樣本數不足 (0/10)，熱身中,KEEP
2704.TW,做空(Short),區間盤整,空方進場,0.4761,0.44,-0.12,0.0,0.4616,樣本數不足 (0/10)，熱身中,KEEP
1528.TW,做空(Short),區間盤整,空方進場,0.4755,0.44,-0.12,0.0,0.4613,樣本數不足 (0/10)，熱身中,KEEP
2616.TW,做空(Short),區間盤整,空方進場,0.4754,0.41,-0.18,0.0,0.4492,樣本數不足 (0/10)，熱身中,KEEP
1104.TW,做空(Short),區間盤整,空方進場,0.4735,0.41,-0.18,0.0,0.4481,樣本數不足 (0/10)，熱身中,KEEP
6806.TW,做空(Short),趨勢空頭,空方進場,0.4718,0.5,0.0,0.0,0.4831,樣本數不足 (0/10)，熱身中,KEEP
1806.TW,做空(Short),趨勢空頭,空方進場,0.4715,0.38,-0.24,0.0,0.4349,樣本數不足 (0/10)，熱身中,KEEP
2069.TW,做多(Long),區間盤整,多方進場,0.4708,0.53,0.06,0.0,0.4945,樣本數不足 (0/10)，熱身中,KEEP
4583.TW,做空(Short),趨勢多頭,空方進場,0.47,0.47,-0.06,0.0,0.47,樣本數不足 (0/10)，熱身中,KEEP
2482.TW,做空(Short),趨勢多頭,空方進場,0.47,0.47,-0.06,0.0,0.47,樣本數不足 (0/10)，熱身中,KEEP
4958.TW,做空(Short),趨勢多頭,空方進場,0.47,0.47,-0.06,0.0,0.47,樣本數不足 (0/10)，熱身中,KEEP
3545.TW,做空(Short),趨勢多頭,空方進場,0.47,0.47,-0.06,0.0,0.47,樣本數不足 (0/10)，熱身中,KEEP
2345.TW,做空(Short),趨勢多頭,空方進場,0.47,0.47,-0.06,0.0,0.47,樣本數不足 (0/10)，熱身中,KEEP
8215.TW,做空(Short),趨勢多頭,空方進場,0.47,0.47,-0.06,0.0,0.47,樣本數不足 (0/10)，熱身中,KEEP
2505.TW,做空(Short),趨勢多頭,空方進場,0.47,0.47,-0.06,0.0,0.47,樣本數不足 (0/10)，熱身中,KEEP
1305.TW,做空(Short),趨勢多頭,空方進場,0.47,0.47,-0.06,0.0,0.47,樣本數不足 (0/10)，熱身中,KEEP
2254.TW,做空(Short),趨勢多頭,空方進場,0.47,0.47,-0.06,0.0,0.47,樣本數不足 (0/10)，熱身中,KEEP
1604.TW,做空(Short),趨勢多頭,空方進場,0.47,0.47,-0.06,0.0,0.47,樣本數不足 (0/10)，熱身中,KEEP
3017.TW,做空(Short),趨勢多頭,空方進場,0.47,0.47,-0.06,0.0,0.47,樣本數不足 (0/10)，熱身中,KEEP
7711.TW,做空(Short),趨勢多頭,空方進場,0.47,0.47,-0.06,0.0,0.47,樣本數不足 (0/10)，熱身中,KEEP
2495.TW,做空(Short),趨勢多頭,空方進場,0.47,0.47,-0.06,0.0,0.47,樣本數不足 (0/10)，熱身中,KEEP
2472.TW,做空(Short),趨勢多頭,空方進場,0.47,0.47,-0.06,0.0,0.47,樣本數不足 (0/10)，熱身中,KEEP
1308.TW,做空(Short),趨勢多頭,空方進場,0.47,0.47,-0.06,0.0,0.47,樣本數不足 (0/10)，熱身中,KEEP
5871.TW,做空(Short),趨勢多頭,空方進場,0.47,0.47,-0.06,0.0,0.47,樣本數不足 (0/10)，熱身中,KEEP
1235.TW,做空(Short),趨勢多頭,空方進場,0.47,0.47,-0.06,0.0,0.47,樣本數不足 (0/10)，熱身中,KEEP
2024.TW,做空(Short),趨勢多頭,空方進場,0.47,0.47,-0.06,0.0,0.47,樣本數不足 (0/10)，熱身中,KEEP
2419.TW,做空(Short),趨勢多頭,空方進場,0.47,0.47,-0.06,0.0,0.47,樣本數不足 (0/10)，熱身中,KEEP
6464.TW,做空(Short),趨勢多頭,空方進場,0.47,0.47,-0.06,0.0,0.47,樣本數不足 (0/10)，熱身中,KEEP
5531.TW,做空(Short),趨勢多頭,空方進場,0.47,0.47,-0.06,0.0,0.47,樣本數不足 (0/10)，熱身中,KEEP
6285.TW,做空(Short),趨勢多頭,空方進場,0.47,0.47,-0.06,0.0,0.47,樣本數不足 (0/10)，熱身中,KEEP
2369.TW,做空(Short),趨勢多頭,空方進場,0.47,0.47,-0.06,0.0,0.47,樣本數不足 (0/10)，熱身中,KEEP
2227.TW,做空(Short),趨勢多頭,空方進場,0.47,0.47,-0.06,0.0,0.47,樣本數不足 (0/10)，熱身中,KEEP
6831.TW,做空(Short),趨勢多頭,空方進場,0.47,0.47,-0.06,0.0,0.47,樣本數不足 (0/10)，熱身中,KEEP
8443.TW,做空(Short),趨勢多頭,空方進場,0.47,0.47,-0.06,0.0,0.47,樣本數不足 (0/10)，熱身中,KEEP
1541.TW,做空(Short),趨勢多頭,空方進場,0.47,0.47,-0.06,0.0,0.47,樣本數不足 (0/10)，熱身中,KEEP
9926.TW,做空(Short),趨勢多頭,空方進場,0.47,0.47,-0.06,0.0,0.47,樣本數不足 (0/10)，熱身中,KEEP
1309.TW,做空(Short),趨勢多頭,空方進場,0.47,0.47,-0.06,0.0,0.47,樣本數不足 (0/10)，熱身中,KEEP
1301.TW,做空(Short),趨勢多頭,空方進場,0.47,0.47,-0.06,0.0,0.47,樣本數不足 (0/10)，熱身中,KEEP
2485.TW,做空(Short),趨勢多頭,空方進場,0.47,0.47,-0.06,0.0,0.47,樣本數不足 (0/10)，熱身中,KEEP
5706.TW,做空(Short),趨勢多頭,空方進場,0.47,0.47,-0.06,0.0,0.47,樣本數不足 (0/10)，熱身中,KEEP
1445.TW,做空(Short),趨勢多頭,空方進場,0.47,0.47,-0.06,0.0,0.47,樣本數不足 (0/10)，熱身中,KEEP
9931.TW,做空(Short),趨勢多頭,空方進場,0.47,0.47,-0.06,0.0,0.47,樣本數不足 (0/10)，熱身中,KEEP
1583.TW,做空(Short),趨勢多頭,空方進場,0.47,0.47,-0.06,0.0,0.47,樣本數不足 (0/10)，熱身中,KEEP
9908.TW,做空(Short),趨勢多頭,空方進場,0.47,0.47,-0.06,0.0,0.47,樣本數不足 (0/10)，熱身中,KEEP
6108.TW,做空(Short),趨勢多頭,空方進場,0.47,0.47,-0.06,0.0,0.47,樣本數不足 (0/10)，熱身中,KEEP
1417.TW,做空(Short),趨勢多頭,空方進場,0.47,0.47,-0.06,0.0,0.47,樣本數不足 (0/10)，熱身中,KEEP
2476.TW,做空(Short),趨勢多頭,空方進場,0.47,0.47,-0.06,0.0,0.47,樣本數不足 (0/10)，熱身中,KEEP
4968.TW,做空(Short),趨勢多頭,空方進場,0.47,0.47,-0.06,0.0,0.47,樣本數不足 (0/10)，熱身中,KEEP
2373.TW,做空(Short),趨勢多頭,空方進場,0.47,0.47,-0.06,0.0,0.47,樣本數不足 (0/10)，熱身中,KEEP
2413.TW,做空(Short),趨勢多頭,空方進場,0.47,0.47,-0.06,0.0,0.47,樣本數不足 (0/10)，熱身中,KEEP
2012.TW,做空(Short),趨勢多頭,空方進場,0.47,0.47,-0.06,0.0,0.47,樣本數不足 (0/10)，熱身中,KEEP
1524.TW,做空(Short),趨勢多頭,空方進場,0.47,0.47,-0.06,0.0,0.47,樣本數不足 (0/10)，熱身中,KEEP
3714.TW,做空(Short),趨勢多頭,空方進場,0.47,0.47,-0.06,0.0,0.47,樣本數不足 (0/10)，熱身中,KEEP
2460.TW,做空(Short),趨勢多頭,空方進場,0.47,0.47,-0.06,0.0,0.47,樣本數不足 (0/10)，熱身中,KEEP
2405.TW,做空(Short),趨勢多頭,空方進場,0.47,0.47,-0.06,0.0,0.47,樣本數不足 (0/10)，熱身中,KEEP
4961.TW,做空(Short),趨勢多頭,空方進場,0.47,0.47,-0.06,0.0,0.47,樣本數不足 (0/10)，熱身中,KEEP
3054.TW,做空(Short),趨勢多頭,空方進場,0.47,0.47,-0.06,0.0,0.47,樣本數不足 (0/10)，熱身中,KEEP
1227.TW,做空(Short),趨勢多頭,空方進場,0.47,0.47,-0.06,0.0,0.47,樣本數不足 (0/10)，熱身中,KEEP
1735.TW,做空(Short),趨勢多頭,空方進場,0.47,0.47,-0.06,0.0,0.47,樣本數不足 (0/10)，熱身中,KEEP
6753.TW,做空(Short),趨勢多頭,空方進場,0.47,0.47,-0.06,0.0,0.47,樣本數不足 (0/10)，熱身中,KEEP
1456.TW,做空(Short),趨勢多頭,空方進場,0.47,0.47,-0.06,0.0,0.47,樣本數不足 (0/10)，熱身中,KEEP
6415.TW,做空(Short),趨勢多頭,空方進場,0.47,0.47,-0.06,0.0,0.47,樣本數不足 (0/10)，熱身中,KEEP
1452.TW,做空(Short),趨勢多頭,空方進場,0.47,0.47,-0.06,0.0,0.47,樣本數不足 (0/10)，熱身中,KEEP
3717.TW,做空(Short),趨勢多頭,空方進場,0.47,0.47,-0.06,0.0,0.47,樣本數不足 (0/10)，熱身中,KEEP
3229.TW,做空(Short),趨勢多頭,空方進場,0.47,0.47,-0.06,0.0,0.47,樣本數不足 (0/10)，熱身中,KEEP
2442.TW,做空(Short),趨勢多頭,空方進場,0.47,0.47,-0.06,0.0,0.47,樣本數不足 (0/10)，熱身中,KEEP
2034.TW,做空(Short),趨勢多頭,空方進場,0.47,0.47,-0.06,0.0,0.47,樣本數不足 (0/10)，熱身中,KEEP
2062.TW,做空(Short),趨勢多頭,空方進場,0.47,0.47,-0.06,0.0,0.47,樣本數不足 (0/10)，熱身中,KEEP
3266.TW,做空(Short),趨勢多頭,空方進場,0.47,0.47,-0.06,0.0,0.47,樣本數不足 (0/10)，熱身中,KEEP
4414.TW,做空(Short),趨勢多頭,空方進場,0.47,0.47,-0.06,0.0,0.47,樣本數不足 (0/10)，熱身中,KEEP
8072.TW,做空(Short),趨勢多頭,空方進場,0.47,0.47,-0.06,0.0,0.47,樣本數不足 (0/10)，熱身中,KEEP
1203.TW,做空(Short),趨勢多頭,空方進場,0.47,0.47,-0.06,0.0,0.47,樣本數不足 (0/10)，熱身中,KEEP
3321.TW,做空(Short),趨勢多頭,空方進場,0.47,0.47,-0.06,0.0,0.47,樣本數不足 (0/10)，熱身中,KEEP
1714.TW,做空(Short),趨勢多頭,空方進場,0.47,0.47,-0.06,0.0,0.47,樣本數不足 (0/10)，熱身中,KEEP
5285.TW,做空(Short),趨勢多頭,空方進場,0.47,0.47,-0.06,0.0,0.47,樣本數不足 (0/10)，熱身中,KEEP
6887.TW,做空(Short),趨勢多頭,空方進場,0.47,0.47,-0.06,0.0,0.47,樣本數不足 (0/10)，熱身中,KEEP
1590.TW,做空(Short),趨勢多頭,空方進場,0.47,0.47,-0.06,0.0,0.47,樣本數不足 (0/10)，熱身中,KEEP
5534.TW,做空(Short),趨勢多頭,空方進場,0.47,0.47,-0.06,0.0,0.47,樣本數不足 (0/10)，熱身中,KEEP
3532.TW,做空(Short),趨勢多頭,空方進場,0.47,0.47,-0.06,0.0,0.47,樣本數不足 (0/10)，熱身中,KEEP
2415.TW,做空(Short),趨勢多頭,空方進場,0.47,0.47,-0.06,0.0,0.47,樣本數不足 (0/10)，熱身中,KEEP
8473.TW,做空(Short),趨勢多頭,空方進場,0.47,0.47,-0.06,0.0,0.47,樣本數不足 (0/10)，熱身中,KEEP
2025.TW,做空(Short),趨勢多頭,空方進場,0.47,0.47,-0.06,0.0,0.47,樣本數不足 (0/10)，熱身中,KEEP
6115.TW,做空(Short),趨勢多頭,空方進場,0.47,0.47,-0.06,0.0,0.47,樣本數不足 (0/10)，熱身中,KEEP
2231.TW,做空(Short),趨勢多頭,空方進場,0.47,0.47,-0.06,0.0,0.47,樣本數不足 (0/10)，熱身中,KEEP
3013.TW,做空(Short),趨勢多頭,空方進場,0.47,0.47,-0.06,0.0,0.47,樣本數不足 (0/10)，熱身中,KEEP
2029.TW,做空(Short),區間盤整,空方進場,0.47,0.41,-0.18,0.0,0.446,樣本數不足 (0/10)，熱身中,KEEP
4930.TW,做空(Short),趨勢空頭,空方進場,0.469,0.44,-0.12,0.0,0.4574,樣本數不足 (0/10)，熱身中,KEEP
2408.TW,做空(Short),區間盤整,空方進場,0.4686,0.44,-0.12,0.0,0.4571,樣本數不足 (0/10)，熱身中,KEEP
8463.TW,做多(Long),趨勢空頭,多方進場,0.4683,0.56,0.12,0.0,0.505,樣本數不足 (0/10)，熱身中,KEEP
3014.TW,做空(Short),趨勢空頭,空方進場,0.4672,0.41,-0.18,0.0,0.4443,樣本數不足 (0/10)，熱身中,KEEP
2258.TW,做多(Long),趨勢空頭,多方進場,0.4671,0.53,0.06,0.0,0.4923,樣本數不足 (0/10)，熱身中,KEEP
6155.TW,做空(Short),區間盤整,空方進場,0.4668,0.41,-0.18,0.0,0.4441,樣本數不足 (0/10)，熱身中,KEEP
2538.TW,做空(Short),趨勢空頭,空方進場,0.4666,0.41,-0.18,0.0,0.444,樣本數不足 (0/10)，熱身中,KEEP
4904.TW,做空(Short),區間盤整,空方進場,0.4664,0.44,-0.12,0.0,0.4558,樣本數不足 (0/10)，熱身中,KEEP
9958.TW,做空(Short),趨勢空頭,空方進場,0.466,0.53,0.06,0.0,0.4916,樣本數不足 (0/10)，熱身中,KEEP
6024.TW,做空(Short),區間盤整,空方進場,0.4659,0.44,-0.12,0.0,0.4555,樣本數不足 (0/10)，熱身中,KEEP
2033.TW,做空(Short),區間盤整,空方進場,0.4655,0.47,-0.06,0.0,0.4673,樣本數不足 (0/10)，熱身中,KEEP
7795.TW,做多(Long),區間盤整,多方進場,0.4653,0.53,0.06,0.0,0.4912,樣本數不足 (0/10)，熱身中,KEEP
2748.TW,做多(Long),區間盤整,多方進場,0.4647,0.56,0.12,0.0,0.5028,樣本數不足 (0/10)，熱身中,KEEP
2712.TW,做空(Short),趨勢空頭,空方進場,0.464,0.47,-0.06,0.0,0.4664,樣本數不足 (0/10)，熱身中,KEEP
1614.TW,做空(Short),趨勢空頭,空方進場,0.4621,0.41,-0.18,0.0,0.4413,樣本數不足 (0/10)，熱身中,KEEP
6862.TW,做空(Short),區間盤整,空方進場,0.4607,0.44,-0.12,0.0,0.4524,樣本數不足 (0/10)，熱身中,KEEP
2385.TW,做空(Short),趨勢空頭,空方進場,0.4602,0.41,-0.18,0.0,0.4401,樣本數不足 (0/10)，熱身中,KEEP
2832.TW,做空(Short),趨勢空頭,空方進場,0.4599,0.38,-0.24,0.0,0.428,樣本數不足 (0/10)，熱身中,KEEP
2739.TW,做多(Long),區間盤整,多方進場,0.4595,0.59,0.18,0.0,0.5117,樣本數不足 (0/10)，熱身中,KEEP
2884.TW,做空(Short),趨勢空頭,空方進場,0.4585,0.47,-0.06,0.0,0.4631,樣本數不足 (0/10)，熱身中,KEEP
6807.TW,做空(Short),趨勢空頭,空方進場,0.4583,0.44,-0.12,0.0,0.451,樣本數不足 (0/10)，熱身中,KEEP
1437.TW,做空(Short),趨勢空頭,空方進場,0.4572,0.44,-0.12,0.0,0.4503,樣本數不足 (0/10)，熱身中,KEEP
6201.TW,做多(Long),趨勢空頭,多方進場,0.4571,0.59,0.18,0.0,0.5103,樣本數不足 (0/10)，熱身中,KEEP
3164.TW,做空(Short),區間盤整,空方進場,0.4561,0.44,-0.12,0.0,0.4496,樣本數不足 (0/10)，熱身中,KEEP
6951.TW,做空(Short),趨勢空頭,空方進場,0.4561,0.38,-0.24,0.0,0.4256,樣本數不足 (0/10)，熱身中,KEEP
1722.TW,做空(Short),趨勢空頭,空方進場,0.4556,0.38,-0.24,0.0,0.4254,樣本數不足 (0/10)，熱身中,KEEP
2115.TW,做多(Long),趨勢空頭,多方進場,0.4552,0.59,0.18,0.0,0.5091,樣本數不足 (0/10)，熱身中,KEEP
6933.TW,做多(Long),區間盤整,多方進場,0.455,0.59,0.18,0.0,0.509,樣本數不足 (0/10)，熱身中,KEEP
4190.TW,做空(Short),趨勢空頭,空方進場,0.4536,0.47,-0.06,0.0,0.4602,樣本數不足 (0/10)，熱身中,KEEP
4155.TW,做多(Long),趨勢空頭,多方進場,0.4519,0.53,0.06,0.0,0.4832,樣本數不足 (0/10)，熱身中,KEEP
3049.TW,做空(Short),趨勢空頭,空方進場,0.4486,0.5,0.0,0.0,0.4691,樣本數不足 (0/10)，熱身中,KEEP
6443.TW,做空(Short),趨勢空頭,空方進場,0.4472,0.5,0.0,0.0,0.4683,樣本數不足 (0/10)，熱身中,KEEP
2496.TW,做空(Short),區間盤整,空方進場,0.4467,0.47,-0.06,0.0,0.456,樣本數不足 (0/10)，熱身中,KEEP
2812.TW,做多(Long),區間盤整,多方進場,0.4464,0.56,0.12,0.0,0.4919,樣本數不足 (0/10)，熱身中,KEEP
2867.TW,做空(Short),趨勢空頭,空方進場,0.4451,0.5,0.0,0.0,0.4671,樣本數不足 (0/10)，熱身中,KEEP
1451.TW,做空(Short),區間盤整,空方進場,0.445,0.47,-0.06,0.0,0.455,樣本數不足 (0/10)，熱身中,KEEP
6550.TW,做多(Long),趨勢空頭,多方進場,0.4437,0.53,0.06,0.0,0.4782,樣本數不足 (0/10)，熱身中,KEEP
1220.TW,做空(Short),趨勢空頭,空方進場,0.4428,0.41,-0.18,0.0,0.4297,樣本數不足 (0/10)，熱身中,KEEP
4736.TW,做空(Short),趨勢空頭,空方進場,0.4421,0.41,-0.18,0.0,0.4293,樣本數不足 (0/10)，熱身中,KEEP
9937.TW,做多(Long),趨勢空頭,多方進場,0.44,0.53,0.06,0.0,0.476,樣本數不足 (0/10)，熱身中,KEEP
4967.TW,做空(Short),趨勢多頭,空方進場,0.44,0.44,-0.12,0.0,0.44,樣本數不足 (0/10)，熱身中,KEEP
1326.TW,做空(Short),趨勢多頭,空方進場,0.44,0.44,-0.12,0.0,0.44,樣本數不足 (0/10)，熱身中,KEEP
1423.TW,做空(Short),趨勢多頭,空方進場,0.44,0.44,-0.12,0.0,0.44,樣本數不足 (0/10)，熱身中,KEEP
6962.TW,做空(Short),趨勢多頭,空方進場,0.44,0.44,-0.12,0.0,0.44,樣本數不足 (0/10)，熱身中,KEEP
1446.TW,做空(Short),趨勢多頭,空方進場,0.44,0.44,-0.12,0.0,0.44,樣本數不足 (0/10)，熱身中,KEEP
6969.TW,做空(Short),趨勢多頭,空方進場,0.44,0.44,-0.12,0.0,0.44,樣本數不足 (0/10)，熱身中,KEEP
2007.TW,做空(Short),趨勢多頭,空方進場,0.44,0.44,-0.12,0.0,0.44,樣本數不足 (0/10)，熱身中,KEEP
2008.TW,做空(Short),趨勢多頭,空方進場,0.44,0.44,-0.12,0.0,0.44,樣本數不足 (0/10)，熱身中,KEEP
2028.TW,做空(Short),趨勢多頭,空方進場,0.44,0.44,-0.12,0.0,0.44,樣本數不足 (0/10)，熱身中,KEEP
2017.TW,做空(Short),趨勢多頭,空方進場,0.44,0.44,-0.12,0.0,0.44,樣本數不足 (0/10)，熱身中,KEEP
2910.TW,做空(Short),趨勢多頭,空方進場,0.44,0.44,-0.12,0.0,0.44,樣本數不足 (0/10)，熱身中,KEEP
4771.TW,做空(Short),趨勢多頭,空方進場,0.44,0.44,-0.12,0.0,0.44,樣本數不足 (0/10)，熱身中,KEEP
1234.TW,做空(Short),趨勢多頭,空方進場,0.44,0.44,-0.12,0.0,0.44,樣本數不足 (0/10)，熱身中,KEEP
6005.TW,做空(Short),趨勢多頭,空方進場,0.44,0.44,-0.12,0.0,0.44,樣本數不足 (0/10)，熱身中,KEEP
2436.TW,做空(Short),趨勢多頭,空方進場,0.44,0.44,-0.12,0.0,0.44,樣本數不足 (0/10)，熱身中,KEEP
4306.TW,做空(Short),趨勢多頭,空方進場,0.44,0.44,-0.12,0.0,0.44,樣本數不足 (0/10)，熱身中,KEEP
2241.TW,做空(Short),趨勢多頭,空方進場,0.44,0.44,-0.12,0.0,0.44,樣本數不足 (0/10)，熱身中,KEEP
3058.TW,做空(Short),趨勢多頭,空方進場,0.44,0.44,-0.12,0.0,0.44,樣本數不足 (0/10)，熱身中,KEEP
8488.TW,做空(Short),趨勢多頭,空方進場,0.44,0.44,-0.12,0.0,0.44,樣本數不足 (0/10)，熱身中,KEEP
2108.TW,做空(Short),趨勢多頭,空方進場,0.44,0.44,-0.12,0.0,0.44,樣本數不足 (0/10)，熱身中,KEEP
5525.TW,做空(Short),趨勢多頭,空方進場,0.44,0.44,-0.12,0.0,0.44,樣本數不足 (0/10)，熱身中,KEEP
1460.TW,做空(Short),趨勢多頭,空方進場,0.44,0.44,-0.12,0.0,0.44,樣本數不足 (0/10)，熱身中,KEEP
3592.TW,做空(Short),趨勢多頭,空方進場,0.44,0.44,-0.12,0.0,0.44,樣本數不足 (0/10)，熱身中,KEEP
3715.TW,做空(Short),趨勢多頭,空方進場,0.44,0.44,-0.12,0.0,0.44,樣本數不足 (0/10)，熱身中,KEEP
3057.TW,做空(Short),趨勢多頭,空方進場,0.44,0.44,-0.12,0.0,0.44,樣本數不足 (0/10)，熱身中,KEEP
3034.TW,做空(Short),趨勢多頭,空方進場,0.44,0.44,-0.12,0.0,0.44,樣本數不足 (0/10)，熱身中,KEEP
1307.TW,做空(Short),趨勢多頭,空方進場,0.44,0.44,-0.12,0.0,0.44,樣本數不足 (0/10)，熱身中,KEEP
4560.TW,做空(Short),趨勢多頭,空方進場,0.44,0.44,-0.12,0.0,0.44,樣本數不足 (0/10)，熱身中,KEEP
5007.TW,做空(Short),趨勢多頭,空方進場,0.44,0.44,-0.12,0.0,0.44,樣本數不足 (0/10)，熱身中,KEEP
2022.TW,做空(Short),趨勢多頭,空方進場,0.44,0.44,-0.12,0.0,0.44,樣本數不足 (0/10)，熱身中,KEEP
3168.TW,做空(Short),趨勢多頭,空方進場,0.44,0.44,-0.12,0.0,0.44,樣本數不足 (0/10)，熱身中,KEEP
2013.TW,做空(Short),趨勢多頭,空方進場,0.44,0.44,-0.12,0.0,0.44,樣本數不足 (0/10)，熱身中,KEEP
1313.TW,做空(Short),趨勢多頭,空方進場,0.44,0.44,-0.12,0.0,0.44,樣本數不足 (0/10)，熱身中,KEEP
3149.TW,做空(Short),趨勢多頭,空方進場,0.44,0.44,-0.12,0.0,0.44,樣本數不足 (0/10)，熱身中,KEEP
2368.TW,做空(Short),趨勢多頭,空方進場,0.44,0.44,-0.12,0.0,0.44,樣本數不足 (0/10)，熱身中,KEEP
1472.TW,做空(Short),趨勢多頭,空方進場,0.44,0.44,-0.12,0.0,0.44,樣本數不足 (0/10)，熱身中,KEEP
6205.TW,做空(Short),趨勢多頭,空方進場,0.44,0.44,-0.12,0.0,0.44,樣本數不足 (0/10)，熱身中,KEEP
1711.TW,做空(Short),趨勢多頭,空方進場,0.44,0.44,-0.12,0.0,0.44,樣本數不足 (0/10)，熱身中,KEEP
2014.TW,做空(Short),趨勢多頭,空方進場,0.44,0.44,-0.12,0.0,0.44,樣本數不足 (0/10)，熱身中,KEEP
6142.TW,做空(Short),趨勢多頭,空方進場,0.44,0.44,-0.12,0.0,0.44,樣本數不足 (0/10)，熱身中,KEEP
3432.TW,做空(Short),趨勢多頭,空方進場,0.44,0.44,-0.12,0.0,0.44,樣本數不足 (0/10)，熱身中,KEEP
6579.TW,做空(Short),趨勢多頭,空方進場,0.44,0.44,-0.12,0.0,0.44,樣本數不足 (0/10)，熱身中,KEEP
8162.TW,做空(Short),趨勢多頭,空方進場,0.44,0.44,-0.12,0.0,0.44,樣本數不足 (0/10)，熱身中,KEEP
1436.TW,做空(Short),趨勢多頭,空方進場,0.44,0.44,-0.12,0.0,0.44,樣本數不足 (0/10)，熱身中,KEEP
3543.TW,做空(Short),趨勢多頭,空方進場,0.44,0.44,-0.12,0.0,0.44,樣本數不足 (0/10)，熱身中,KEEP
1558.TW,做空(Short),趨勢多頭,空方進場,0.44,0.44,-0.12,0.0,0.44,樣本數不足 (0/10)，熱身中,KEEP
2849.TW,做空(Short),趨勢多頭,空方進場,0.44,0.44,-0.12,0.0,0.44,樣本數不足 (0/10)，熱身中,KEEP
1710.TW,做空(Short),趨勢多頭,空方進場,0.44,0.44,-0.12,0.0,0.44,樣本數不足 (0/10)，熱身中,KEEP
1455.TW,做空(Short),趨勢多頭,空方進場,0.44,0.44,-0.12,0.0,0.44,樣本數不足 (0/10)，熱身中,KEEP
1454.TW,做空(Short),趨勢多頭,空方進場,0.44,0.44,-0.12,0.0,0.44,樣本數不足 (0/10)，熱身中,KEEP
9136.TW,做空(Short),趨勢多頭,空方進場,0.44,0.44,-0.12,0.0,0.44,樣本數不足 (0/10)，熱身中,KEEP
3060.TW,做空(Short),趨勢多頭,空方進場,0.44,0.44,-0.12,0.0,0.44,樣本數不足 (0/10)，熱身中,KEEP
2539.TW,做空(Short),趨勢多頭,空方進場,0.44,0.44,-0.12,0.0,0.44,樣本數不足 (0/10)，熱身中,KEEP
3550.TW,做空(Short),趨勢多頭,空方進場,0.44,0.44,-0.12,0.0,0.44,樣本數不足 (0/10)，熱身中,KEEP
2438.TW,做空(Short),趨勢多頭,空方進場,0.44,0.44,-0.12,0.0,0.44,樣本數不足 (0/10)，熱身中,KEEP
2441.TW,做空(Short),趨勢多頭,空方進場,0.44,0.44,-0.12,0.0,0.44,樣本數不足 (0/10)，熱身中,KEEP
3050.TW,做空(Short),趨勢多頭,空方進場,0.44,0.44,-0.12,0.0,0.44,樣本數不足 (0/10)，熱身中,KEEP
3025.TW,做空(Short),趨勢多頭,空方進場,0.44,0.44,-0.12,0.0,0.44,樣本數不足 (0/10)，熱身中,KEEP
6776.TW,做空(Short),趨勢多頭,空方進場,0.44,0.44,-0.12,0.0,0.44,樣本數不足 (0/10)，熱身中,KEEP
2506.TW,做空(Short),趨勢多頭,空方進場,0.44,0.44,-0.12,0.0,0.44,樣本數不足 (0/10)，熱身中,KEEP
2852.TW,做空(Short),趨勢空頭,空方進場,0.4377,0.44,-0.12,0.0,0.4386,樣本數不足 (0/10)，熱身中,KEEP
2534.TW,做空(Short),區間盤整,空方進場,0.4376,0.41,-0.18,0.0,0.4266,樣本數不足 (0/10)，熱身中,KEEP
2430.TW,做空(Short),趨勢空頭,空方進場,0.4375,0.44,-0.12,0.0,0.4385,樣本數不足 (0/10)，熱身中,KEEP
2882.TW,做空(Short),趨勢空頭,空方進場,0.4367,0.44,-0.12,0.0,0.438,樣本數不足 (0/10)，熱身中,KEEP
8411.TW,做空(Short),區間盤整,空方進場,0.4328,0.44,-0.12,0.0,0.4357,樣本數不足 (0/10)，熱身中,KEEP
9928.TW,做空(Short),區間盤整,空方進場,0.4309,0.47,-0.06,0.0,0.4465,樣本數不足 (0/10)，熱身中,KEEP
6183.TW,做空(Short),趨勢空頭,空方進場,0.4297,0.5,0.0,0.0,0.4578,樣本數不足 (0/10)，熱身中,KEEP
3138.TW,做空(Short),區間盤整,空方進場,0.4291,0.41,-0.18,0.0,0.4214,樣本數不足 (0/10)，熱身中,KEEP
2536.TW,做空(Short),區間盤整,空方進場,0.4281,0.44,-0.12,0.0,0.4329,樣本數不足 (0/10)，熱身中,KEEP
5484.TW,做多(Long),區間盤整,多方進場,0.4258,0.53,0.06,0.0,0.4675,樣本數不足 (0/10)，熱身中,KEEP
6952.TW,做空(Short),趨勢空頭,空方進場,0.4222,0.41,-0.18,0.0,0.4173,樣本數不足 (0/10)，熱身中,KEEP
2816.TW,做空(Short),趨勢多頭,空方進場,0.41,0.41,-0.18,0.0,0.41,樣本數不足 (0/10)，熱身中,KEEP
3653.TW,做空(Short),趨勢多頭,空方進場,0.41,0.41,-0.18,0.0,0.41,樣本數不足 (0/10)，熱身中,KEEP
3033.TW,做空(Short),趨勢多頭,空方進場,0.41,0.41,-0.18,0.0,0.41,樣本數不足 (0/10)，熱身中,KEEP
6782.TW,做空(Short),趨勢多頭,空方進場,0.41,0.41,-0.18,0.0,0.41,樣本數不足 (0/10)，熱身中,KEEP
2010.TW,做空(Short),趨勢多頭,空方進場,0.41,0.41,-0.18,0.0,0.41,樣本數不足 (0/10)，熱身中,KEEP
1730.TW,做空(Short),趨勢多頭,空方進場,0.41,0.41,-0.18,0.0,0.41,樣本數不足 (0/10)，熱身中,KEEP
2855.TW,做空(Short),趨勢多頭,空方進場,0.41,0.41,-0.18,0.0,0.41,樣本數不足 (0/10)，熱身中,KEEP
2308.TW,做空(Short),趨勢多頭,空方進場,0.41,0.41,-0.18,0.0,0.41,樣本數不足 (0/10)，熱身中,KEEP
2360.TW,做空(Short),趨勢多頭,空方進場,0.41,0.41,-0.18,0.0,0.41,樣本數不足 (0/10)，熱身中,KEEP
2727.TW,做空(Short),趨勢多頭,空方進場,0.41,0.41,-0.18,0.0,0.41,樣本數不足 (0/10)，熱身中,KEEP
4949.TW,做空(Short),趨勢多頭,空方進場,0.41,0.41,-0.18,0.0,0.41,樣本數不足 (0/10)，熱身中,KEEP
3437.TW,做空(Short),趨勢多頭,空方進場,0.41,0.41,-0.18,0.0,0.41,樣本數不足 (0/10)，熱身中,KEEP
6226.TW,做空(Short),趨勢多頭,空方進場,0.41,0.41,-0.18,0.0,0.41,樣本數不足 (0/10)，熱身中,KEEP
1709.TW,做空(Short),趨勢多頭,空方進場,0.41,0.41,-0.18,0.0,0.41,樣本數不足 (0/10)，熱身中,KEEP
2059.TW,做空(Short),趨勢多頭,空方進場,0.41,0.41,-0.18,0.0,0.41,樣本數不足 (0/10)，熱身中,KEEP
3356.TW,做空(Short),趨勢多頭,空方進場,0.41,0.41,-0.18,0.0,0.41,樣本數不足 (0/10)，熱身中,KEEP
1506.TW,做空(Short),趨勢空頭,空方進場,0.4027,0.44,-0.12,0.0,0.4176,樣本數不足 (0/10)，熱身中,KEEP
1589.TW,做空(Short),趨勢空頭,空方進場,0.3961,0.53,0.06,0.0,0.4496,樣本數不足 (0/10)，熱身中,KEEP
3005.TW,做空(Short),趨勢空頭,空方進場,0.3935,0.47,-0.06,0.0,0.4241,樣本數不足 (0/10)，熱身中,KEEP
2450.TW,做空(Short),區間盤整,空方進場,0.3913,0.44,-0.12,0.0,0.4108,樣本數不足 (0/10)，熱身中,KEEP
2881.TW,做空(Short),趨勢空頭,空方進場,0.3896,0.5,0.0,0.0,0.4338,樣本數不足 (0/10)，熱身中,KEEP
1315.TW,做空(Short),區間盤整,空方進場,0.3887,0.44,-0.12,0.0,0.4092,樣本數不足 (0/10)，熱身中,KEEP
3052.TW,做空(Short),趨勢空頭,空方進場,0.3803,0.44,-0.12,0.0,0.4042,樣本數不足 (0/10)，熱身中,KEEP
1521.TW,做空(Short),趨勢空頭,空方進場,0.374,0.38,-0.24,0.0,0.3764,樣本數不足 (0/10)，熱身中,KEEP
2109.TW,做空(Short),趨勢空頭,空方進場,0.3698,0.41,-0.18,0.0,0.3859,樣本數不足 (0/10)，熱身中,KEEP
1416.TW,做空(Short),趨勢空頭,空方進場,0.3695,0.38,-0.24,0.0,0.3737,樣本數不足 (0/10)，熱身中,KEEP
2706.TW,做空(Short),趨勢空頭,空方進場,0.369,0.38,-0.24,0.0,0.3734,樣本數不足 (0/10)，熱身中,KEEP
1538.TW,做多(Long),趨勢空頭,多方進場,0.3643,0.56,0.12,0.0,0.4426,樣本數不足 (0/10)，熱身中,KEEP
1341.TW,做空(Short),趨勢空頭,空方進場,0.35,0.47,-0.06,0.0,0.398,樣本數不足 (0/10)，熱身中,KEEP
5876.TW,做多(Long),區間盤整,多方進場,0.3459,0.53,0.06,0.0,0.4195,樣本數不足 (0/10)，熱身中,KEEP
1339.TW,做空(Short),趨勢空頭,空方進場,0.3448,0.41,-0.18,0.0,0.3709,樣本數不足 (0/10)，熱身中,KEEP
1465.TW,做空(Short),趨勢空頭,空方進場,0.3363,0.47,-0.06,0.0,0.3898,樣本數不足 (0/10)，熱身中,KEEP
1441.TW,做空(Short),趨勢空頭,空方進場,0.3358,0.44,-0.12,0.0,0.3775,樣本數不足 (0/10)，熱身中,KEEP
2801.TW,做空(Short),趨勢空頭,空方進場,0.3355,0.35,-0.3,0.0,0.3413,樣本數不足 (0/10)，熱身中,KEEP
2834.TW,做多(Long),趨勢空頭,多方進場,0.3197,0.56,0.12,0.0,0.4158,樣本數不足 (0/10)，熱身中,KEEP
2608.TW,做多(Long),趨勢空頭,多方進場,0.3197,0.53,0.06,0.0,0.4038,樣本數不足 (0/10)，熱身中,KEEP
9930.TW,做空(Short),區間盤整,空方進場,0.3179,0.47,-0.06,0.0,0.3787,樣本數不足 (0/10)，熱身中,KEEP
5306.TW,做空(Short),趨勢空頭,空方進場,0.3134,0.38,-0.24,0.0,0.3401,樣本數不足 (0/10)，熱身中,KEEP
9942.TW,做多(Long),趨勢空頭,多方進場,0.311,0.56,0.12,0.0,0.4106,樣本數不足 (0/10)，熱身中,KEEP
2701.TW,做空(Short),趨勢空頭,空方進場,0.3018,0.38,-0.24,0.0,0.3331,樣本數不足 (0/10)，熱身中,KEEP
1537.TW,做空(Short),區間盤整,空方進場,0.2944,0.47,-0.06,0.0,0.3646,樣本數不足 (0/10)，熱身中,KEEP
3716.TW,做空(Short),趨勢空頭,空方進場,0.2921,0.38,-0.24,0.0,0.3273,樣本數不足 (0/10)，熱身中,KEEP
2412.TW,做空(Short),趨勢空頭,空方進場,0.2918,0.41,-0.18,0.0,0.3391,樣本數不足 (0/10)，熱身中,KEEP
1109.TW,做空(Short),趨勢空頭,空方進場,0.2907,0.41,-0.18,0.0,0.3384,樣本數不足 (0/10)，熱身中,KEEP
1752.TW,做空(Short),趨勢空頭,空方進場,0.2901,0.47,-0.06,0.0,0.362,樣本數不足 (0/10)，熱身中,KEEP
9944.TW,做空(Short),趨勢空頭,空方進場,0.29,0.5,0.0,0.0,0.374,樣本數不足 (0/10)，熱身中,KEEP
1477.TW,做空(Short),趨勢空頭,空方進場,0.286,0.5,0.0,0.0,0.3716,樣本數不足 (0/10)，熱身中,KEEP
1232.TW,做空(Short),趨勢空頭,空方進場,0.2834,0.5,0.0,0.0,0.3701,樣本數不足 (0/10)，熱身中,KEEP
1108.TW,做多(Long),趨勢空頭,多方進場,0.2798,0.53,0.06,0.0,0.3799,樣本數不足 (0/10)，熱身中,KEEP
4106.TW,做空(Short),趨勢空頭,空方進場,0.2795,0.44,-0.12,0.0,0.3437,樣本數不足 (0/10)，熱身中,KEEP
2459.TW,做空(Short),趨勢空頭,空方進場,0.2732,0.38,-0.24,0.0,0.3159,樣本數不足 (0/10)，熱身中,KEEP
8481.TW,做空(Short),區間盤整,空方進場,0.268,0.5,0.0,0.0,0.3608,樣本數不足 (0/10)，熱身中,KEEP
3130.TW,做空(Short),趨勢空頭,空方進場,0.2648,0.44,-0.12,0.0,0.3349,樣本數不足 (0/10)，熱身中,KEEP
2433.TW,做空(Short),趨勢空頭,空方進場,0.2621,0.38,-0.24,0.0,0.3092,樣本數不足 (0/10)，熱身中,KEEP
2511.TW,做空(Short),區間盤整,空方進場,0.2573,0.38,-0.24,0.0,0.3064,樣本數不足 (0/10)，熱身中,KEEP
1474.TW,做空(Short),區間盤整,空方進場,0.257,0.44,-0.12,0.0,0.3302,樣本數不足 (0/10)，熱身中,KEEP
2114.TW,做空(Short),區間盤整,空方進場,0.2548,0.44,-0.12,0.0,0.3289,樣本數不足 (0/10)，熱身中,KEEP
9925.TW,做空(Short),區間盤整,空方進場,0.2494,0.47,-0.06,0.0,0.3376,樣本數不足 (0/10)，熱身中,KEEP
6184.TW,做空(Short),趨勢空頭,空方進場,0.2466,0.47,-0.06,0.0,0.3359,樣本數不足 (0/10)，熱身中,KEEP
1726.TW,做空(Short),區間盤整,空方進場,0.2364,0.44,-0.12,0.0,0.3178,樣本數不足 (0/10)，熱身中,KEEP
1731.TW,做空(Short),趨勢空頭,空方進場,0.235,0.41,-0.18,0.0,0.305,樣本數不足 (0/10)，熱身中,KEEP
1817.TW,做空(Short),區間盤整,空方進場,0.2198,0.47,-0.06,0.0,0.3199,樣本數不足 (0/10)，熱身中,KEEP
2908.TW,做空(Short),區間盤整,空方進場,0.2081,0.41,-0.18,0.0,0.2889,樣本數不足 (0/10)，熱身中,KEEP
