Ticker SYMBOL,公司名稱,產業類別,產業類別名稱,資料年月日,單月營收年增率(%)
1101.TW,臺灣水泥股份有限公司,1,水泥工業,2026-03-01,-8.97
1102.TW,亞洲水泥股份有限公司,1,水泥工業,2026-03-01,-18.11
1103.TW,嘉新水泥股份有限公司,1,水泥工業,2026-03-01,-8.85
1104.TW,環球水泥股份有限公司,1,水泥工業,2026-03-01,-17.3
1108.TW,幸福水泥股份有限公司,1,水泥工業,2026-03-01,-15.04
1109.TW,信大水泥股份有限公司,1,水泥工業,2026-03-01,-29.71
1110.TW,東南水泥股份有限公司,1,水泥工業,2026-03-01,-18.34
1201.TW,味全食品工業股份有限公司,2,食品工業,2026-03-01,-4.99
1203.TW,味王股份有限公司,2,食品工業,2026-03-01,-10.87
1210.TW,大成長城企業股份有限公司,2,食品工業,2026-03-01,5.01
1213.TW,大西洋飲料股份有限公司,2,食品工業,2026-03-01,18.4
1215.TW,台灣卜蜂企業股份有限公司,2,食品工業,2026-03-01,7.54
1216.TW,統一企業股份有限公司,2,食品工業,2026-03-01,2.58
1217.TW,愛之味股份有限公司,2,食品工業,2026-03-01,-4.5
1218.TW,泰山企業股份有限公司,2,食品工業,2026-03-01,5.67
1219.TW,福壽實業股份有限公司,2,食品工業,2026-03-01,0.74
1220.TW,台榮產業股份有限公司,2,食品工業,2026-03-01,-3.41
1225.TW,福懋油脂股份有限公司,2,食品工業,2026-03-01,1.57
1227.TW,佳格食品股份有限公司,2,食品工業,2026-03-01,4.75
1229.TW,聯華實業控股股份有限公司,2,食品工業,2026-03-01,21.28
1231.TW,聯華食品工業股份有限公司,2,食品工業,2026-03-01,-2.78
1232.TW,大統益股份有限公司,2,食品工業,2026-03-01,4.36
1233.TW,天仁茶業股份有限公司,2,食品工業,2026-03-01,3.86
1234.TW,黑松股份有限公司,2,食品工業,2026-03-01,19.47
1235.TW,興泰實業股份有限公司,2,食品工業,2026-03-01,49.78
1236.TW,宏亞食品股份有限公司,2,食品工業,2026-03-01,-22.4
1256.TW,鮮活控股股份有限公司,2,食品工業,2026-03-01,57.15
1301.TW,台灣塑膠工業股份有限公司,3,塑膠工業,2026-03-01,1.53
1303.TW,南亞塑膠工業股份有限公司,3,塑膠工業,2026-03-01,18.05
1304.TW,台灣聚合化學品股份有限公司,3,塑膠工業,2026-03-01,0.56
1305.TW,華夏海灣塑膠股份有限公司,3,塑膠工業,2026-03-01,29.4
1307.TW,三芳化學工業股份有限公司,3,塑膠工業,2026-03-01,-1.07
1308.TW,亞洲聚合股份有限公司,3,塑膠工業,2026-03-01,-15.55
1309.TW,台達化學工業股份有限公司,3,塑膠工業,2026-03-01,-8.36
1310.TW,台灣苯乙烯工業股份有限公司,3,塑膠工業,2026-03-01,22.84
1312.TW,國喬石油化學股份有限公司,3,塑膠工業,2026-03-01,17.51
1313.TW,聯成化學科技股份有限公司,3,塑膠工業,2026-03-01,10.65
1314.TW,中國石油化學工業開發(股)公司,3,塑膠工業,2026-03-01,-33.3
1315.TW,達新工業股份有限公司,3,塑膠工業,2026-03-01,-17.71
1316.TW,上曜建設開發股份有限公司,14,建材營造業,2026-03-01,111.19
1319.TW,東陽實業廠股份有限公司,12,汽車工業,2026-03-01,-19.85
1321.TW,大洋塑膠工業股份有限公司,3,塑膠工業,2026-03-01,1.5
1323.TW,永裕塑膠工業股份有限公司,3,塑膠工業,2026-03-01,4.16
1324.TW,地球綜合工業股份有限公司,3,塑膠工業,2026-03-01,7.74
1325.TW,恒大股份有限公司,3,塑膠工業,2026-03-01,-39.38
1326.TW,台灣化學纖維股份有限公司,3,塑膠工業,2026-03-01,21.56
1337.TW,亞洲塑膠再生資源控股有限公司,3,塑膠工業,2026-03-01,35.54
1338.TW,廣華控股有限公司,12,汽車工業,2026-03-01,0.57
1339.TW,昭輝實業股份有限公司,12,汽車工業,2026-03-01,-23.52
1340.TW,勝悅新材料有限公司,3,塑膠工業,2026-03-01,-87.39
1341.TW,富林塑膠工業(開曼)控股(股)公司,3,塑膠工業,2026-03-01,14.78
1342.TW,八貫企業股份有限公司,20,其他業,2026-03-01,31.74
1402.TW,遠東新世紀股份有限公司,4,紡織纖維,2026-03-01,-3.27
1409.TW,新光合成纖維股份有限公司,4,紡織纖維,2026-03-01,4.84
1410.TW,南洋染整股份有限公司,4,紡織纖維,2026-03-01,21.5
1413.TW,宏洲纖維工業股份有限公司,4,紡織纖維,2026-03-01,-16.85
1414.TW,東和紡織股份有限公司,4,紡織纖維,2026-03-01,-24.44
1416.TW,廣豐實業股份有限公司,20,其他業,2026-03-01,32.15
1417.TW,嘉裕股份有限公司,4,紡織纖維,2026-03-01,8.19
1418.TW,東華龍股份有限公司,4,紡織纖維,2026-03-01,-98.0
1419.TW,新光紡織股份有限公司,4,紡織纖維,2026-03-01,42.26
1423.TW,利華羊毛工業股份有限公司,4,紡織纖維,2026-03-01,-24.68
1432.TW,大魯閣實業股份有限公司,37,運動休閒,2026-03-01,-42.78
1434.TW,福懋興業股份有限公司,4,紡織纖維,2026-03-01,-4.7
1435.TW,中福國際(股)公司,20,其他業,2026-03-01,0.0
1436.TW,華友聯開發股份有限公司,14,建材營造業,2026-03-01,-59.21
1437.TW,勤益投資控股股份有限公司,20,其他業,2026-03-01,-21.55
1438.TW,三地開發地產股份有限公司,14,建材營造業,2026-03-01,81874.27
1439.TW,雋揚國際股份有限公司,14,建材營造業,2026-03-01,-48.15
1440.TW,臺南紡織股份有限公司,4,紡織纖維,2026-03-01,-3.8
1441.TW,大東紡織股份有限公司,4,紡織纖維,2026-03-01,-28.33
1442.TW,名軒開發股份有限公司,14,建材營造業,2026-03-01,-85.92
1443.TW,立益物流開發股份有限公司,20,其他業,2026-03-01,-13.48
1444.TW,力麗企業股份有限公司,4,紡織纖維,2026-03-01,32.52
1445.TW,大宇紡織股份有限公司,4,紡織纖維,2026-03-01,-25.33
1446.TW,宏和精密紡織股份有限公司,4,紡織纖維,2026-03-01,-30.1
1447.TW,力鵬企業股份有限公司,4,紡織纖維,2026-03-01,35.65
1449.TW,佳和實業股份有限公司,4,紡織纖維,2026-03-01,33.62
1451.TW,年興紡織股份有限公司,4,紡織纖維,2026-03-01,14.15
1452.TW,宏益纖維工業股份有限公司,4,紡織纖維,2026-03-01,40.44
1453.TW,大將開發股份有限公司,14,建材營造業,2026-03-01,1.61
1454.TW,台灣富綢纖維股份有限公司,4,紡織纖維,2026-03-01,-26.22
1455.TW,集盛實業股份有限公司,4,紡織纖維,2026-03-01,-21.0
1456.TW,怡華實業股份有限公司,14,建材營造業,2026-03-01,-14.03
1457.TW,宜進實業股份有限公司,4,紡織纖維,2026-03-01,-13.97
1459.TW,聯發紡織纖維股份有限公司,4,紡織纖維,2026-03-01,-29.78
1460.TW,宏遠興業股份有限公司,4,紡織纖維,2026-03-01,-22.79
1463.TW,強盛新投資控股股份有限公司,4,紡織纖維,2026-03-01,-0.32
1464.TW,得力實業股份有限公司,4,紡織纖維,2026-03-01,-7.53
1465.TW,偉全實業股份有限公司,4,紡織纖維,2026-03-01,37.79
1466.TW,聚隆纖維股份有限公司,4,紡織纖維,2026-03-01,-16.0
1467.TW,南緯實業股份有限公司,4,紡織纖維,2026-03-01,15.39
1468.TW,昶和纖維興業股份有限公司,4,紡織纖維,2026-03-01,-79.14
1470.TW,大統新創股份有限公司,4,紡織纖維,2026-03-01,-24.02
1471.TW,首利實業股份有限公司,28,電子零組件業,2026-03-01,-59.39
1472.TW,三洋實業股份有限公司,14,建材營造業,2026-03-01,-24.93
1473.TW,台南企業股份有限公司,4,紡織纖維,2026-03-01,-23.91
1474.TW,弘裕企業股份有限公司,4,紡織纖維,2026-03-01,10.96
1475.TW,台灣業旺股份有限公司,4,紡織纖維,2026-03-01,19.9
1476.TW,儒鴻企業股份有限公司,4,紡織纖維,2026-03-01,5.54
1477.TW,聚陽實業股份有限公司,4,紡織纖維,2026-03-01,-9.35
1503.TW,士林電機廠股份有限公司,5,電機機械,2026-03-01,35.34
1504.TW,東元電機股份有限公司,5,電機機械,2026-03-01,3.31
1506.TW,正道工業股份有限公司,5,電機機械,2026-03-01,1.75
1512.TW,瑞利企業股份有限公司,12,汽車工業,2026-03-01,-12.62
1513.TW,中興電工機械股份有限公司,5,電機機械,2026-03-01,4.84
1514.TW,亞力電機股份有限公司,5,電機機械,2026-03-01,3.4
1515.TW,力山工業股份有限公司,5,電機機械,2026-03-01,-29.02
1516.TW,川飛能源股份有限公司,20,其他業,2026-03-01,-3.49
1517.TW,利奇機械工業股份有限公司,5,電機機械,2026-03-01,-23.27
1519.TW,華城電機股份有限公司,5,電機機械,2026-03-01,3.38
1521.TW,大億交通工業製造股份有限公司,12,汽車工業,2026-03-01,11.12
1522.TW,堤維西交通工業股份有限公司,12,汽車工業,2026-03-01,46.7
1524.TW,耿鼎企業股份有限公司,12,汽車工業,2026-03-01,-30.4
1525.TW,江申工業股份有限公司,12,汽車工業,2026-03-01,-12.31
1526.TW,日馳企業股份有限公司,5,電機機械,2026-03-01,-5.98
1527.TW,鑽全實業股份有限公司,5,電機機械,2026-03-01,-4.35
1528.TW,恩德科技股份有限公司,5,電機機械,2026-03-01,30.9
1529.TW,樂事綠能科技股份有限公司,5,電機機械,2026-03-01,-68.96
1530.TW,亞崴機電股份有限公司,5,電機機械,2026-03-01,-0.61
1531.TW,高林股份有限公司,5,電機機械,2026-03-01,-20.34
1532.TW,勤美股份有限公司,5,電機機械,2026-03-01,14.11
1533.TW,車王電子股份有限公司,12,汽車工業,2026-03-01,62.41
1535.TW,中宇環保工程股份有限公司,5,電機機械,2026-03-01,-6.49
1536.TW,和大工業股份有限公司,12,汽車工業,2026-03-01,9.86
1537.TW,廣隆光電科技股份有限公司,5,電機機械,2026-03-01,-8.39
1538.TW,正峰工業股份有限公司,5,電機機械,2026-03-01,-60.42
1539.TW,巨庭機械股份有限公司,5,電機機械,2026-03-01,-43.67
1540.TW,喬福機械工業股份有限公司,5,電機機械,2026-03-01,-40.62
1541.TW,錩泰工業股份有限公司,5,電機機械,2026-03-01,-52.69
1558.TW,伸興工業股份有限公司,5,電機機械,2026-03-01,5.98
1560.TW,中國砂輪企業股份有限公司,5,電機機械,2026-03-01,31.15
1563.TW,巧新科技工業股份有限公司,12,汽車工業,2026-03-01,-1.0
1568.TW,倉佑實業股份有限公司,12,汽車工業,2026-03-01,27.04
1582.TW,信錦企業股份有限公司,28,電子零組件業,2026-03-01,-0.1
1583.TW,程泰機械股份有限公司,5,電機機械,2026-03-01,44.32
1587.TW,吉茂精密股份有限公司,12,汽車工業,2026-03-01,14.81
1589.TW,永冠能源科技集團有限公司,5,電機機械,2026-03-01,-1.46
1590.TW,亞德客國際集團,5,電機機械,2026-03-01,18.09
1597.TW,直得科技股份有限公司,5,電機機械,2026-03-01,38.54
1598.TW,岱宇國際股份有限公司,37,運動休閒,2026-03-01,16.8
1603.TW,中華電線電纜股份有限公司,6,電器電纜,2026-03-01,-1.77
1604.TW,聲寶股份有限公司,6,電器電纜,2026-03-01,-0.2
1605.TW,華新麗華股份有限公司,6,電器電纜,2026-03-01,2.51
1608.TW,華榮電線電纜股份有限公司,6,電器電纜,2026-03-01,14.06
1609.TW,大亞電線電纜股份有限公司,6,電器電纜,2026-03-01,19.97
1611.TW,中國電器股份有限公司,6,電器電纜,2026-03-01,-6.82
1612.TW,宏泰電工股份有限公司,6,電器電纜,2026-03-01,6.06
1614.TW,台灣三洋電機股份有限公司,6,電器電纜,2026-03-01,-14.2
1615.TW,大山電線電纜股份有限公司,6,電器電纜,2026-03-01,9.41
1616.TW,億泰電線電纜股份有限公司,6,電器電纜,2026-03-01,-4.45
1617.TW,榮星電線工業股份有限公司,6,電器電纜,2026-03-01,45.47
1618.TW,合機電線電纜股份有限公司,6,電器電纜,2026-03-01,-34.7
1623.TW,大東電業廠股份有限公司,6,電器電纜,2026-03-01,7.87
1626.TW,艾美特(開曼)國際有限公司,6,電器電纜,2026-03-01,-11.46
1702.TW,南僑投資控股股份有限公司,2,食品工業,2026-03-01,0.47
1707.TW,葡萄王生技股份有限公司,22,生技醫療業,2026-03-01,-6.96
1708.TW,東南實業股份有限公司,21,化學工業,2026-03-01,5.36
1709.TW,和益化學工業股份有限公司,21,化學工業,2026-03-01,2.23
1710.TW,東聯化學股份有限公司,21,化學工業,2026-03-01,3.98
1711.TW,臺灣永光化學工業股份有限公司,21,化學工業,2026-03-01,28.15
1712.TW,興農股份有限公司,21,化學工業,2026-03-01,7.79
1713.TW,國泰化工廠股份有限公司,21,化學工業,2026-03-01,23.3
1714.TW,和桐化學股份有限公司,21,化學工業,2026-03-01,42.95
1717.TW,長興材料工業股份有限公司,21,化學工業,2026-03-01,5.38
1718.TW,中國人造纖維股份有限公司,21,化學工業,2026-03-01,-22.32
1720.TW,生達化學製藥股份有限公司,22,生技醫療業,2026-03-01,2.8
1721.TW,三晃股份有限公司,21,化學工業,2026-03-01,-22.89
1722.TW,台灣肥料股份有限公司,21,化學工業,2026-03-01,18.89
1723.TW,中鋼碳素化學股份有限公司,21,化學工業,2026-03-01,13.81
1725.TW,元禎企業股份有限公司,21,化學工業,2026-03-01,22.73
1726.TW,永記造漆工業股份有限公司,21,化學工業,2026-03-01,15.15
1727.TW,臺灣中華化學工業股份有限公司,21,化學工業,2026-03-01,53.2
1730.TW,花仙子企業股份有限公司,21,化學工業,2026-03-01,-4.69
1731.TW,美吾華股份有限公司,22,生技醫療業,2026-03-01,15.1
1732.TW,毛寶股份有限公司,21,化學工業,2026-03-01,21.1
1733.TW,五鼎生物技術股份有限公司,22,生技醫療業,2026-03-01,-24.14
1734.TW,杏輝藥品工業股份有限公司,22,生技醫療業,2026-03-01,5.08
1735.TW,日勝化工股份有限公司,21,化學工業,2026-03-01,11.36
1736.TW,喬山健康科技股份有限公司,37,運動休閒,2026-03-01,11.5
1737.TW,臺鹽實業股份有限公司,2,食品工業,2026-03-01,19.29
1752.TW,南光化學製藥股份有限公司,22,生技醫療業,2026-03-01,-14.2
1760.TW,寶齡富錦生技股份有限公司,22,生技醫療業,2026-03-01,17.13
1762.TW,中化合成生技股份有限公司,22,生技醫療業,2026-03-01,108.85
1773.TW,勝一化工股份有限公司,21,化學工業,2026-03-01,17.14
1776.TW,展宇科技材料股份有限公司,21,化學工業,2026-03-01,17.75
1783.TW,和康生物科技股份有限公司,22,生技醫療業,2026-03-01,0.06
1786.TW,科妍生物科技股份有限公司,22,生技醫療業,2026-03-01,0.8
1789.TW,台灣神隆股份有限公司,22,生技醫療業,2026-03-01,3.39
1795.TW,美時化學製藥股份有限公司,22,生技醫療業,2026-03-01,173.56
1802.TW,台灣玻璃工業股份有限公司,8,玻璃陶瓷,2026-03-01,16.36
1805.TW,寶徠建設股份有限公司,14,建材營造業,2026-03-01,67527.45
1806.TW,冠軍建材股份有限公司,8,玻璃陶瓷,2026-03-01,-16.64
1808.TW,潤隆建設股份有限公司,14,建材營造業,2026-03-01,68259.95
1809.TW,中國製釉股份有限公司,8,玻璃陶瓷,2026-03-01,-14.75
1810.TW,和成欣業股份有限公司,8,玻璃陶瓷,2026-03-01,-11.97
1817.TW,凱撒衛浴股份有限公司,8,玻璃陶瓷,2026-03-01,-11.06
1903.TW,士林紙業股份有限公司,9,造紙工業,2026-03-01,8.37
1904.TW,正隆股份有限公司,9,造紙工業,2026-03-01,10.34
1905.TW,中華紙漿股份有限公司,9,造紙工業,2026-03-01,4.28
1906.TW,寶隆國際股份有限公司,9,造紙工業,2026-03-01,50.07
1907.TW,永豐餘投資控股股份有限公司,9,造紙工業,2026-03-01,5.17
1909.TW,榮成紙業股份有限公司,9,造紙工業,2026-03-01,2.09
2002.TW,中國鋼鐵股份有限公司,10,鋼鐵工業,2026-03-01,-2.3
2006.TW,東和鋼鐵企業股份有限公司,10,鋼鐵工業,2026-03-01,-0.43
2007.TW,燁興企業股份有限公司,10,鋼鐵工業,2026-03-01,-29.02
2008.TW,高興昌鋼鐵股份有限公司,10,鋼鐵工業,2026-03-01,-29.99
2009.TW,第一伸銅科技股份有限公司,10,鋼鐵工業,2026-03-01,3.49
2010.TW,春源鋼鐵工業股份有限公司,10,鋼鐵工業,2026-03-01,15.8
2012.TW,春雨工廠股份有限公司,10,鋼鐵工業,2026-03-01,-12.03
2013.TW,中國鋼鐵結構股份有限公司,10,鋼鐵工業,2026-03-01,-13.58
2014.TW,中鴻鋼鐵股份有限公司,10,鋼鐵工業,2026-03-01,-24.74
2015.TW,豐興鋼鐵股份有限公司,10,鋼鐵工業,2026-03-01,-10.12
2017.TW,官田鋼鐵股份有限公司,10,鋼鐵工業,2026-03-01,-16.81
2020.TW,美亞鋼管廠股份有限公司,10,鋼鐵工業,2026-03-01,-16.77
2022.TW,聚亨企業股份有限公司,10,鋼鐵工業,2026-03-01,52.5
2023.TW,燁輝企業股份有限公司,10,鋼鐵工業,2026-03-01,-8.5
2024.TW,志聯工業股份有限公司,10,鋼鐵工業,2026-03-01,2.37
2025.TW,千興不銹鋼(股)公司,10,鋼鐵工業,2026-03-01,127.24
2027.TW,大成不銹鋼工業股份有限公司,10,鋼鐵工業,2026-03-01,25.12
2028.TW,威致鋼鐵工業股份有限公司,10,鋼鐵工業,2026-03-01,15.8
2029.TW,盛餘股份有限公司,10,鋼鐵工業,2026-03-01,-7.13
2030.TW,彰源企業股份有限公司,10,鋼鐵工業,2026-03-01,-3.16
2031.TW,新光鋼鐵股份有限公司,10,鋼鐵工業,2026-03-01,0.33
2032.TW,新鋼工業股份有限公司,10,鋼鐵工業,2026-03-01,4.13
2033.TW,佳大世界股份有限公司,10,鋼鐵工業,2026-03-01,22.54
2034.TW,允強實業股份有限公司,10,鋼鐵工業,2026-03-01,0.13
2038.TW,海光企業股份有限公司,10,鋼鐵工業,2026-03-01,-10.78
2049.TW,上銀科技股份有限公司,5,電機機械,2026-03-01,17.4
2059.TW,川湖科技股份有限公司,28,電子零組件業,2026-03-01,38.87
2062.TW,橋椿金屬股份有限公司,38,居家生活,2026-03-01,20.25
2069.TW,運錩鋼鐵股份有限公司,10,鋼鐵工業,2026-03-01,-12.73
2072.TW,世紀離岸風電設備股份有限公司,35,綠能環保,2026-03-01,65.78
2101.TW,南港輪胎股份有限公司,11,橡膠工業,2026-03-01,438.11
2102.TW,泰豐輪胎股份有限公司,11,橡膠工業,2026-03-01,-50.74
2103.TW,台橡股份有限公司,11,橡膠工業,2026-03-01,4.15
2104.TW,國際中橡投資控股股份有限公司,11,橡膠工業,2026-03-01,-12.01
2105.TW,正新橡膠工業股份有限公司,11,橡膠工業,2026-03-01,7.24
2106.TW,建大工業股份有限公司,11,橡膠工業,2026-03-01,8.01
2107.TW,厚生股份有限公司,11,橡膠工業,2026-03-01,3.88
2108.TW,南帝化學工業股份有限公司,11,橡膠工業,2026-03-01,23.83
2109.TW,華豐橡膠工業股份有限公司,11,橡膠工業,2026-03-01,-4.29
2114.TW,鑫永銓股份有限公司,11,橡膠工業,2026-03-01,7.55
2115.TW,六暉控股股份有限公司,12,汽車工業,2026-03-01,-1.98
2201.TW,裕隆汽車製造股份有限公司,12,汽車工業,2026-03-01,-6.57
2204.TW,中華汽車工業股份有限公司,12,汽車工業,2026-03-01,4.14
2206.TW,三陽工業股份有限公司,12,汽車工業,2026-03-01,-5.65
2207.TW,和泰汽車股份有限公司,12,汽車工業,2026-03-01,0.86
2208.TW,台灣國際造船股份有限公司,15,航運業,2026-03-01,-25.36
2211.TW,長榮鋼鐵股份有限公司,10,鋼鐵工業,2026-03-01,15.69
2227.TW,裕隆日產汽車股份有限公司,12,汽車工業,2026-03-01,-19.02
2228.TW,劍麟股份有限公司,12,汽車工業,2026-03-01,-2.05
2231.TW,為升電裝工業股份有限公司,12,汽車工業,2026-03-01,-26.94
2233.TW,宇隆科技股份有限公司,12,汽車工業,2026-03-01,2.9
2236.TW,百達精密工業股份有限公司,12,汽車工業,2026-03-01,68.55
2239.TW,開曼英利工業股份有限公司,12,汽車工業,2026-03-01,-16.96
2241.TW,艾姆勒科技股份有限公司,12,汽車工業,2026-03-01,3.53
2243.TW,宏旭控股股份有限公司,12,汽車工業,2026-03-01,52.47
2247.TW,汎德永業汽車股份有限公司,12,汽車工業,2026-03-01,-32.18
2248.TW,華勝汽車電子股份有限公司,12,汽車工業,2026-03-01,64.47
2250.TW,第一化成控股(開曼)股份有限公司,12,汽車工業,2026-03-01,-7.94
2254.TW,巨鎧精密工業股份有限公司,12,汽車工業,2026-03-01,-77.9
2258.TW,鴻華先進科技股份有限公司,12,汽車工業,2026-03-01,-14.21
2301.TW,光寶科技股份有限公司,25,電腦及週邊設備業,2026-03-01,23.45
2302.TW,麗正國際科技股份有限公司,24,半導體業,2026-03-01,5.05
2303.TW,聯華電子股份有限公司,24,半導體業,2026-03-01,4.89
2305.TW,全友電腦股份有限公司,25,電腦及週邊設備業,2026-03-01,74.93
2308.TW,台達電子工業股份有限公司,28,電子零組件業,2026-03-01,37.6
2312.TW,金寶電子工業股份有限公司,31,其他電子業,2026-03-01,-13.07
2313.TW,華通電腦股份有限公司,28,電子零組件業,2026-03-01,11.12
2314.TW,台揚科技股份有限公司,27,通信網路業,2026-03-01,98.12
2316.TW,楠梓電子股份有限公司,28,電子零組件業,2026-03-01,16.49
2317.TW,鴻海精密工業股份有限公司,31,其他電子業,2026-03-01,45.57
2321.TW,東訊股份有限公司,27,通信網路業,2026-03-01,12.88
2323.TW,中環股份有限公司,26,光電業,2026-03-01,6.41
2324.TW,仁寶電腦工業股份有限公司,25,電腦及週邊設備業,2026-03-01,17.02
2327.TW,國巨股份有限公司,28,電子零組件業,2026-03-01,22.78
2328.TW,廣宇科技股份有限公司,28,電子零組件業,2026-03-01,-28.45
2329.TW,華泰電子股份有限公司,24,半導體業,2026-03-01,10.1
2330.TW,台灣積體電路製造股份有限公司,24,半導體業,2026-03-01,45.19
2331.TW,精英電腦股份有限公司,25,電腦及週邊設備業,2026-03-01,30.84
2332.TW,友訊科技股份有限公司,27,通信網路業,2026-03-01,5.17
2337.TW,旺宏電子股份有限公司,24,半導體業,2026-03-01,96.46
2338.TW,台灣光罩股份有限公司,24,半導體業,2026-03-01,-0.52
2340.TW,台亞半導體股份有限公司,24,半導體業,2026-03-01,-10.24
2342.TW,台灣茂矽電子股份有限公司,24,半導體業,2026-03-01,-10.78
2344.TW,華邦電子股份有限公司,24,半導體業,2026-03-01,91.49
2345.TW,智邦科技股份有限公司,27,通信網路業,2026-03-01,44.43
2347.TW,聯強國際股份有限公司,29,電子通路業,2026-03-01,64.42
2348.TW,海悅國際開發股份有限公司,20,其他業,2026-03-01,-62.38
2349.TW,錸德科技股份有限公司,26,光電業,2026-03-01,-7.69
2351.TW,順德工業股份有限公司,24,半導體業,2026-03-01,13.21
2352.TW,佳世達科技股份有限公司,25,電腦及週邊設備業,2026-03-01,10.37
2353.TW,宏碁股份有限公司,25,電腦及週邊設備業,2026-03-01,2.12
2354.TW,鴻準精密工業股份有限公司,31,其他電子業,2026-03-01,-61.09
2355.TW,敬鵬工業股份有限公司,28,電子零組件業,2026-03-01,5.7
2356.TW,英業達股份有限公司,25,電腦及週邊設備業,2026-03-01,47.11
2357.TW,華碩電腦股份有限公司,25,電腦及週邊設備業,2026-03-01,33.85
2359.TW,所羅門股份有限公司,31,其他電子業,2026-03-01,-44.14
2360.TW,致茂電子股份有限公司,31,其他電子業,2026-03-01,63.49
2362.TW,藍天電腦股份有限公司,25,電腦及週邊設備業,2026-03-01,3.87
2363.TW,矽統科技股份有限公司,24,半導體業,2026-03-01,30.89
2364.TW,倫飛電腦實業股份有限公司,25,電腦及週邊設備業,2026-03-01,-13.45
2365.TW,昆盈企業股份有限公司,25,電腦及週邊設備業,2026-03-01,0.83
2367.TW,燿華電子股份有限公司,28,電子零組件業,2026-03-01,-15.2
2368.TW,金像電子(股)公司,28,電子零組件業,2026-03-01,63.14
2369.TW,菱生精密工業股份有限公司,24,半導體業,2026-03-01,33.36
2371.TW,大同股份有限公司,5,電機機械,2026-03-01,8.02
2373.TW,震旦行股份有限公司,31,其他電子業,2026-03-01,-10.45
2374.TW,佳能企業股份有限公司,26,光電業,2026-03-01,92.2
2375.TW,凱美電機股份有限公司,28,電子零組件業,2026-03-01,2.74
2376.TW,技嘉科技股份有限公司,25,電腦及週邊設備業,2026-03-01,74.84
2377.TW,微星科技股份有限公司,25,電腦及週邊設備業,2026-03-01,-11.94
2379.TW,瑞昱半導體股份有限公司,24,半導體業,2026-03-01,4.48
2380.TW,虹光精密工業股份有限公司,25,電腦及週邊設備業,2026-03-01,13.33
2382.TW,廣達電腦股份有限公司,25,電腦及週邊設備業,2026-03-01,88.42
2383.TW,台光電子材料股份有限公司,28,電子零組件業,2026-03-01,56.63
2385.TW,群光電子股份有限公司,28,電子零組件業,2026-03-01,3.89
2387.TW,精元電腦股份有限公司,25,電腦及週邊設備業,2026-03-01,12.77
2388.TW,威盛電子股份有限公司,24,半導體業,2026-03-01,69.4
2390.TW,云辰電子開發股份有限公司,31,其他電子業,2026-03-01,-22.71
2392.TW,正崴精密工業股份有限公司,28,電子零組件業,2026-03-01,0.45
2393.TW,億光電子工業股份有限公司,26,光電業,2026-03-01,-4.35
2395.TW,研華股份有限公司,25,電腦及週邊設備業,2026-03-01,21.75
2397.TW,友通資訊股份有限公司,25,電腦及週邊設備業,2026-03-01,29.08
2399.TW,映泰股份有限公司,25,電腦及週邊設備業,2026-03-01,-21.65
2401.TW,凌陽科技股份有限公司,24,半導體業,2026-03-01,22.14
2402.TW,毅嘉科技股份有限公司,28,電子零組件業,2026-03-01,13.5
2404.TW,漢唐集成股份有限公司,31,其他電子業,2026-03-01,100.58
2405.TW,輔信科技股份有限公司,25,電腦及週邊設備業,2026-03-01,1.08
2406.TW,國碩科技工業股份有限公司,26,光電業,2026-03-01,160.07
2408.TW,南亞科技股份有限公司,24,半導體業,2026-03-01,560.04
2409.TW,友達光電股份有限公司,26,光電業,2026-03-01,0.65
2412.TW,中華電信股份有限公司,27,通信網路業,2026-03-01,7.55
2413.TW,環隆科技股份有限公司,28,電子零組件業,2026-03-01,17.63
2414.TW,精技電腦股份有限公司,29,電子通路業,2026-03-01,47.28
2415.TW,錩新科技股份有限公司,28,電子零組件業,2026-03-01,2.35
2417.TW,圓剛科技股份有限公司,25,電腦及週邊設備業,2026-03-01,33.0
2419.TW,仲琦科技股份有限公司,27,通信網路業,2026-03-01,54.96
2420.TW,新巨企業股份有限公司,28,電子零組件業,2026-03-01,3.16
2421.TW,建準電機工業股份有限公司,28,電子零組件業,2026-03-01,22.46
2423.TW,固緯電子實業股份有限公司,31,其他電子業,2026-03-01,34.83
2424.TW,隴華電子股份有限公司,27,通信網路業,2026-03-01,-69.54
2425.TW,承啟科技股份有限公司,25,電腦及週邊設備業,2026-03-01,61.16
2426.TW,鼎元光電科技股份有限公司,26,光電業,2026-03-01,-14.1
2427.TW,三商電腦股份有限公司,30,資訊服務業,2026-03-01,-56.19
2428.TW,興勤電子工業股份有限公司,28,電子零組件業,2026-03-01,11.26
2429.TW,銘旺科技股份有限公司,26,光電業,2026-03-01,30.02
2430.TW,燦坤實業股份有限公司,29,電子通路業,2026-03-01,1.87
2431.TW,聯昌電子企業股份有限公司,28,電子零組件業,2026-03-01,-57.2
2432.TW,倚天酷碁股份有限公司,25,電腦及週邊設備業,2026-03-01,29.15
2433.TW,互盛股份有限公司,31,其他電子業,2026-03-01,0.55
2434.TW,統懋半導體股份有限公司,24,半導體業,2026-03-01,-3.99
2436.TW,偉詮電子股份有限公司,24,半導體業,2026-03-01,25.82
2438.TW,翔耀實業股份有限公司,26,光電業,2026-03-01,41.27
2439.TW,美律實業股份有限公司,27,通信網路業,2026-03-01,24.05
2440.TW,太空梭高傳真資訊科技(股)公司,28,電子零組件業,2026-03-01,14.63
2441.TW,超豐電子股份有限公司,24,半導體業,2026-03-01,14.26
2442.TW,新美齊股份有限公司,14,建材營造業,2026-03-01,610.85
2444.TW,兆勁科技股份有限公司,27,通信網路業,2026-03-01,-26.89
2449.TW,京元電子股份有限公司,24,半導體業,2026-03-01,36.06
2450.TW,神腦國際企業股份有限公司,27,通信網路業,2026-03-01,31.43
2451.TW,創見資訊股份有限公司,24,半導體業,2026-03-01,380.57
2453.TW,凌群電腦股份有限公司,30,資訊服務業,2026-03-01,9.04
2454.TW,聯發科技股份有限公司,24,半導體業,2026-03-01,12.9
2455.TW,全新光電科技股份有限公司,27,通信網路業,2026-03-01,16.64
2457.TW,飛宏科技股份有限公司,28,電子零組件業,2026-03-01,-12.07
2458.TW,義隆電子股份有限公司,24,半導體業,2026-03-01,19.75
2459.TW,敦吉科技股份有限公司,31,其他電子業,2026-03-01,4.96
2460.TW,建通精密工業股份有限公司,28,電子零組件業,2026-03-01,42.85
2461.TW,光群雷射科技股份有限公司,31,其他電子業,2026-03-01,-13.01
2462.TW,台灣良得電子股份有限公司,28,電子零組件業,2026-03-01,-11.86
2464.TW,盟立自動化股份有限公司,31,其他電子業,2026-03-01,7.97
2465.TW,麗臺科技股份有限公司,25,電腦及週邊設備業,2026-03-01,83.15
2466.TW,冠西電子企業股份有限公司,26,光電業,2026-03-01,-47.1
2467.TW,志聖工業股份有限公司,28,電子零組件業,2026-03-01,77.59
2468.TW,華經資訊企業股份有限公司,30,資訊服務業,2026-03-01,-14.76
2471.TW,資通電腦股份有限公司,30,資訊服務業,2026-03-01,3.48
2472.TW,立隆電子工業股份有限公司,28,電子零組件業,2026-03-01,9.32
2474.TW,可成科技股份有限公司,31,其他電子業,2026-03-01,-24.96
2476.TW,鉅祥企業股份有限公司,28,電子零組件業,2026-03-01,42.01
2477.TW,美隆工業股份有限公司,31,其他電子業,2026-03-01,-23.26
2478.TW,大毅科技股份有限公司,28,電子零組件業,2026-03-01,13.53
2480.TW,敦陽科技股份有限公司,30,資訊服務業,2026-03-01,7.81
2481.TW,強茂股份有限公司,24,半導體業,2026-03-01,19.14
2482.TW,連宇股份有限公司,31,其他電子業,2026-03-01,-13.95
2483.TW,百容電子股份有限公司,28,電子零組件業,2026-03-01,17.75
2484.TW,希華晶體科技股份有限公司,28,電子零組件業,2026-03-01,-4.57
2485.TW,兆赫電子股份有限公司,27,通信網路業,2026-03-01,200.06
2486.TW,一詮精密工業股份有限公司,26,光電業,2026-03-01,19.47
2488.TW,漢平電子工業股份有限公司,31,其他電子業,2026-03-01,-14.04
2489.TW,瑞軒科技股份有限公司,26,光電業,2026-03-01,11.17
2491.TW,吉祥全球實業股份有限公司,26,光電業,2026-03-01,-12.93
2492.TW,華新科技股份有限公司,28,電子零組件業,2026-03-01,11.13
2493.TW,揚博科技股份有限公司,28,電子零組件業,2026-03-01,-6.18
2495.TW,普安科技股份有限公司,25,電腦及週邊設備業,2026-03-01,61.01
2496.TW,卓越成功股份有限公司,20,其他業,2026-03-01,8.24
2497.TW,怡利電子工業股份有限公司,12,汽車工業,2026-03-01,10.7
2498.TW,宏達國際電子股份有限公司,27,通信網路業,2026-03-01,-8.29
2501.TW,國泰建設股份有限公司,14,建材營造業,2026-03-01,286.16
2504.TW,國產建材實業股份有限公司,14,建材營造業,2026-03-01,-9.96
2505.TW,國揚實業股份有限公司,14,建材營造業,2026-03-01,-38.81
2506.TW,太平洋建設股份有限公司,14,建材營造業,2026-03-01,115.26
2509.TW,全坤建設開發股份有限公司,14,建材營造業,2026-03-01,-11.17
2511.TW,太子建設開發股份有限公司,14,建材營造業,2026-03-01,90.4
2514.TW,龍邦國際興業股份有限公司,20,其他業,2026-03-01,3.35
2515.TW,中華工程股份有限公司,14,建材營造業,2026-03-01,30.17
2516.TW,新亞建設開發股份有限公司,14,建材營造業,2026-03-01,-24.55
2520.TW,冠德建設股份有限公司,14,建材營造業,2026-03-01,8.23
2524.TW,京城建設股份有限公司,14,建材營造業,2026-03-01,-65.83
2527.TW,宏璟建設股份有限公司,14,建材營造業,2026-03-01,3888.17
2528.TW,皇普建設股份有限公司,14,建材營造業,2026-03-01,-99.99
2530.TW,大華建設股份有限公司,14,建材營造業,2026-03-01,1040.72
2534.TW,宏盛建設股份有限公司,14,建材營造業,2026-03-01,-88.17
2535.TW,達欣工程股份有限公司,14,建材營造業,2026-03-01,24.71
2536.TW,宏普建設股份有限公司,14,建材營造業,2026-03-01,-53.83
2537.TW,聯上開發股份有限公司,14,建材營造業,2026-03-01,60177.45
2538.TW,基泰建設股份有限公司,14,建材營造業,2026-03-01,61.05
2539.TW,櫻花建設股份有限公司,14,建材營造業,2026-03-01,-92.68
2540.TW,愛山林建設開發股份有限公司,14,建材營造業,2026-03-01,27.58
2542.TW,興富發建設股份有限公司,14,建材營造業,2026-03-01,1537.66
2543.TW,皇昌營造股份有限公司,14,建材營造業,2026-03-01,20.43
2545.TW,皇翔建設股份有限公司,14,建材營造業,2026-03-01,95.53
2546.TW,根基營造股份有限公司,14,建材營造業,2026-03-01,-4.41
2547.TW,日勝生活科技股份有限公司,14,建材營造業,2026-03-01,51.36
2548.TW,華固建設股份有限公司,14,建材營造業,2026-03-01,81838.77
2597.TW,潤弘精密工程事業股份有限公司,14,建材營造業,2026-03-01,1.71
2601.TW,益航股份有限公司,18,貿易百貨業,2026-03-01,-67.3
2603.TW,長榮海運股份有限公司,15,航運業,2026-03-01,-17.82
2605.TW,新興航運股份有限公司,15,航運業,2026-03-01,34.71
2606.TW,裕民航運股份有限公司,15,航運業,2026-03-01,17.69
2607.TW,長榮國際儲運股份有限公司,15,航運業,2026-03-01,-3.63
2608.TW,嘉里大榮物流股份有限公司,15,航運業,2026-03-01,4.61
2609.TW,陽明海運股份有限公司,15,航運業,2026-03-01,-5.85
2610.TW,中華航空股份有限公司,15,航運業,2026-03-01,19.98
2611.TW,志信國際股份有限公司,15,航運業,2026-03-01,307.74
2612.TW,中國航運股份有限公司,15,航運業,2026-03-01,6.39
2613.TW,中國貨櫃運輸股份有限公司,15,航運業,2026-03-01,4.72
2614.TW,東森國際股份有限公司,20,其他業,2026-03-01,-1.42
2615.TW,萬海航運股份有限公司,15,航運業,2026-03-01,-10.71
2616.TW,山隆通運股份有限公司,23,油電燃氣業,2026-03-01,11.51
2617.TW,台灣航業股份有限公司,15,航運業,2026-03-01,11.94
2618.TW,長榮航空股份有限公司,15,航運業,2026-03-01,18.46
2630.TW,亞洲航空股份有限公司,15,航運業,2026-03-01,-15.16
2633.TW,台灣高速鐵路股份有限公司,15,航運業,2026-03-01,4.45
2634.TW,漢翔航空工業股份有限公司,15,航運業,2026-03-01,-7.04
2636.TW,台驊國際控股股份有限公司,15,航運業,2026-03-01,-4.56
2637.TW,慧洋海運股份有限公司,15,航運業,2026-03-01,34.91
2642.TW,台灣宅配通股份有限公司,15,航運業,2026-03-01,-19.61
2645.TW,長榮航太科技股份有限公司,15,航運業,2026-03-01,12.24
2646.TW,星宇航空股份有限公司,15,航運業,2026-03-01,33.09
2701.TW,萬華企業股份有限公司,16,觀光餐旅,2026-03-01,-0.15
2702.TW,華園飯店股份有限公司,16,觀光餐旅,2026-03-01,1.57
2704.TW,國賓大飯店股份有限公司,16,觀光餐旅,2026-03-01,7.43
2705.TW,六福開發股份有限公司,16,觀光餐旅,2026-03-01,-2.17
2706.TW,第一華僑大飯店股份有限公司,16,觀光餐旅,2026-03-01,0.29
2707.TW,晶華國際酒店股份有限公司,16,觀光餐旅,2026-03-01,5.88
2712.TW,遠雄悅來大飯店股份有限公司,16,觀光餐旅,2026-03-01,-12.77
2722.TW,夏都國際開發股份有限公司,16,觀光餐旅,2026-03-01,11.1
2723.TW,開曼美食達人股份有限公司,16,觀光餐旅,2026-03-01,-20.65
2727.TW,王品餐飲股份有限公司,16,觀光餐旅,2026-03-01,7.83
2731.TW,雄獅旅行社股份有限公司,16,觀光餐旅,2026-03-01,10.93
2739.TW,寒舍餐旅管理顧問股份有限公司,16,觀光餐旅,2026-03-01,4.6
2748.TW,雲品國際酒店股份有限公司,16,觀光餐旅,2026-03-01,-5.91
2753.TW,八方雲集國際股份有限公司,16,觀光餐旅,2026-03-01,7.06
2762.TW,世界健身股份有限公司,37,運動休閒,2026-03-01,7.19
2801.TW,彰化商業銀行股份有限公司,17,金融保險業,2026-03-01,23.7
2812.TW,台中商業銀行股份有限公司,17,金融保險業,2026-03-01,8.28
2820.TW,中華票券金融股份有限公司,17,金融保險業,2026-03-01,46.36
2832.TW,台灣產物保險股份有限公司,17,金融保險業,2026-03-01,0.83
2834.TW,臺灣中小企業銀行股份有限公司,17,金融保險業,2026-03-01,4.82
2836.TW,高雄銀行股份有限公司,17,金融保險業,2026-03-01,-12.37
2838.TW,聯邦商業銀行股份有限公司,17,金融保險業,2026-03-01,8.25
2845.TW,遠東國際商業銀行股份有限公司,17,金融保險業,2026-03-01,12.62
2849.TW,安泰商業銀行股份有限公司,17,金融保險業,2026-03-01,9.06
2852.TW,第一產物保險股份有限公司,17,金融保險業,2026-03-01,1.22
2855.TW,統一綜合證券股份有限公司,17,金融保險業,2026-03-01,-66.2
2867.TW,三商美邦人壽保險股份有限公司,17,金融保險業,2026-03-01,-669.4
2884.TW,玉山金融控股股份有限公司,17,金融保險業,2026-03-01,10.19
2885.TW,元大金融控股股份有限公司,17,金融保險業,2026-03-01,70.15
2886.TW,兆豐金融控股股份有限公司,17,金融保險業,2026-03-01,17.68
2887.TW,台新新光金融控股股份有限公司,17,金融保險業,2026-03-01,1118.75
2889.TW,國票金融控股股份有限公司,17,金融保險業,2026-03-01,50.36
2890.TW,永豐金融控股股份有限公司,17,金融保險業,2026-03-01,50.7
2897.TW,王道商業銀行股份有限公司,17,金融保險業,2026-03-01,38.23
2901.TW,欣欣大眾市場股份有限公司,18,貿易百貨業,2026-03-01,9.21
2903.TW,遠東百貨股份有限公司,18,貿易百貨業,2026-03-01,-2.93
2904.TW,匯僑股份有限公司,20,其他業,2026-03-01,-5.61
2906.TW,高林實業股份有限公司,18,貿易百貨業,2026-03-01,-4.94
2908.TW,特力股份有限公司,18,貿易百貨業,2026-03-01,-2.84
2910.TW,統領百貨股份有限公司,18,貿易百貨業,2026-03-01,6.3
2911.TW,麗嬰房股份有限公司,18,貿易百貨業,2026-03-01,-34.55
2912.TW,統一超商股份有限公司,18,貿易百貨業,2026-03-01,4.93
2913.TW,台灣農林股份有限公司,18,貿易百貨業,2026-03-01,-6.07
2915.TW,潤泰全球股份有限公司,18,貿易百貨業,2026-03-01,-35.24
2923.TW,鼎固控股有限公司,14,建材營造業,2026-03-01,-15.25
2929.TW,淘帝國際控股有限公司,18,貿易百貨業,2026-03-01,-8.43
2939.TW,永邑國際集團股份有限公司,18,貿易百貨業,2026-03-01,9.68
2945.TW,三商家購股份有限公司,18,貿易百貨業,2026-03-01,13.38
3002.TW,歐格電子股份有限公司,25,電腦及週邊設備業,2026-03-01,15.51
3003.TW,健和興端子股份有限公司,28,電子零組件業,2026-03-01,25.61
3004.TW,豐達科技股份有限公司,10,鋼鐵工業,2026-03-01,31.17
3005.TW,神基控股股份有限公司,25,電腦及週邊設備業,2026-03-01,-7.36
3006.TW,晶豪科技股份有限公司,24,半導體業,2026-03-01,188.11
3008.TW,大立光電股份有限公司,26,光電業,2026-03-01,10.77
3010.TW,華立企業股份有限公司,29,電子通路業,2026-03-01,23.7
3011.TW,今皓實業股份有限公司,28,電子零組件業,2026-03-01,-36.86
3013.TW,晟銘電子科技股份有限公司,25,電腦及週邊設備業,2026-03-01,40.84
3014.TW,聯陽半導體股份有限公司,24,半導體業,2026-03-01,7.65
3015.TW,全漢企業股份有限公司,28,電子零組件業,2026-03-01,-10.02
3016.TW,嘉晶電子股份有限公司,24,半導體業,2026-03-01,20.34
3017.TW,奇鋐科技股份有限公司,25,電腦及週邊設備業,2026-03-01,111.72
3018.TW,隆銘綠能科技工程股份有限公司,31,其他電子業,2026-03-01,3.86
3019.TW,亞洲光學股份有限公司,26,光電業,2026-03-01,12.33
3021.TW,鴻名企業股份有限公司,28,電子零組件業,2026-03-01,34.67
3022.TW,威強電工業電腦股份有限公司,25,電腦及週邊設備業,2026-03-01,9.71
3023.TW,信邦電子股份有限公司,28,電子零組件業,2026-03-01,7.55
3024.TW,憶聲電子股份有限公司,26,光電業,2026-03-01,-58.11
3025.TW,星通資訊股份有限公司,27,通信網路業,2026-03-01,85.79
3026.TW,禾伸堂企業股份有限公司,28,電子零組件業,2026-03-01,0.1
3027.TW,盛達電業股份有限公司,27,通信網路業,2026-03-01,-39.64
3028.TW,增你強股份有限公司,29,電子通路業,2026-03-01,125.18
3029.TW,零壹科技股份有限公司,30,資訊服務業,2026-03-01,26.04
3030.TW,德律科技股份有限公司,31,其他電子業,2026-03-01,14.72
3031.TW,佰鴻工業股份有限公司,26,光電業,2026-03-01,22.68
3032.TW,偉訓科技股份有限公司,28,電子零組件業,2026-03-01,0.0
3033.TW,威健實業股份有限公司,29,電子通路業,2026-03-01,12.61
3034.TW,聯詠科技股份有限公司,24,半導體業,2026-03-01,-9.64
3035.TW,智原科技股份有限公司,24,半導體業,2026-03-01,-69.38
3036.TW,文曄科技股份有限公司,29,電子通路業,2026-03-01,118.87
3037.TW,欣興電子股份有限公司,28,電子零組件業,2026-03-01,23.27
3038.TW,全台晶像股份有限公司,26,光電業,2026-03-01,-0.61
3040.TW,遠見科技股份有限公司,20,其他業,2026-03-01,4.99
3041.TW,揚智科技股份有限公司,24,半導體業,2026-03-01,12.49
3042.TW,台灣晶技股份有限公司,28,電子零組件業,2026-03-01,2.66
3043.TW,科風股份有限公司,31,其他電子業,2026-03-01,-17.39
3044.TW,健鼎科技股份有限公司,28,電子零組件業,2026-03-01,24.38
3045.TW,台灣大哥大股份有限公司,27,通信網路業,2026-03-01,5.76
3046.TW,建碁股份有限公司,25,電腦及週邊設備業,2026-03-01,1.97
3047.TW,訊舟科技股份有限公司,27,通信網路業,2026-03-01,-52.51
3048.TW,益登科技股份有限公司,29,電子通路業,2026-03-01,26.71
3049.TW,精金科技股份有限公司,26,光電業,2026-03-01,-45.72
3050.TW,鈺德科技股份有限公司,26,光電業,2026-03-01,-13.17
3051.TW,力特光電科技股份有限公司,26,光電業,2026-03-01,-14.91
3052.TW,夆典科技開發股份有限公司,14,建材營造業,2026-03-01,20.58
3054.TW,立萬利創新股份有限公司,2,食品工業,2026-03-01,1091.19
3055.TW,蔚華科技股份有限公司,29,電子通路業,2026-03-01,19.32
3056.TW,富華創新股份有限公司,14,建材營造業,2026-03-01,-57.26
3057.TW,喬鼎資訊股份有限公司,25,電腦及週邊設備業,2026-03-01,99.59
3058.TW,立德電子股份有限公司,28,電子零組件業,2026-03-01,-6.96
3059.TW,華晶科技股份有限公司,26,光電業,2026-03-01,-2.67
3060.TW,銘異科技股份有限公司,25,電腦及週邊設備業,2026-03-01,-4.69
3062.TW,建漢科技股份有限公司,27,通信網路業,2026-03-01,30.9
3090.TW,日電貿股份有限公司,28,電子零組件業,2026-03-01,34.11
3092.TW,鴻碩精密電工股份有限公司,28,電子零組件業,2026-03-01,6.8
3094.TW,聯傑國際股份有限公司,24,半導體業,2026-03-01,-11.43
3130.TW,一零四資訊科技股份有限公司,36,數位雲端,2026-03-01,9.9
3135.TW,凌航科技股份有限公司,24,半導體業,2026-03-01,140.51
3138.TW,耀登科技股份有限公司,27,通信網路業,2026-03-01,32.13
3149.TW,正達國際光電股份有限公司,26,光電業,2026-03-01,-25.13
3150.TW,鈺寶科技股份有限公司,24,半導體業,2026-03-01,21.96
3164.TW,景岳生物科技股份有限公司,22,生技醫療業,2026-03-01,-12.58
3167.TW,大量科技股份有限公司,5,電機機械,2026-03-01,146.84
3168.TW,眾福科技股份有限公司,26,光電業,2026-03-01,10.68
3189.TW,景碩科技股份有限公司,24,半導體業,2026-03-01,25.06
3209.TW,全科科技股份有限公司,29,電子通路業,2026-03-01,11.85
3229.TW,晟鈦股份有限公司,28,電子零組件業,2026-03-01,73.04
3231.TW,緯創資通股份有限公司,25,電腦及週邊設備業,2026-03-01,117.7
3257.TW,虹冠電子工業股份有限公司,24,半導體業,2026-03-01,-35.54
3266.TW,昇陽建設企業股份有限公司,14,建材營造業,2026-03-01,129.86
3296.TW,勝德國際研發股份有限公司,28,電子零組件業,2026-03-01,-15.47
3305.TW,昇貿科技股份有限公司,31,其他電子業,2026-03-01,72.74
3308.TW,聯德電子股份有限公司,28,電子零組件業,2026-03-01,-5.36
3311.TW,閎暉實業股份有限公司,27,通信網路業,2026-03-01,-11.9
3312.TW,弘憶國際股份有限公司,29,電子通路業,2026-03-01,3.26
3321.TW,同泰電子科技股份有限公司,28,電子零組件業,2026-03-01,6.8
3338.TW,泰碩電子股份有限公司,28,電子零組件業,2026-03-01,5.2
3346.TW,麗清科技股份有限公司,12,汽車工業,2026-03-01,-11.41
3356.TW,奇偶科技股份有限公司,26,光電業,2026-03-01,10.61
3376.TW,新日興股份有限公司,28,電子零組件業,2026-03-01,-9.6
3380.TW,明泰科技股份有限公司,27,通信網路業,2026-03-01,50.49
3406.TW,玉晶光電股份有限公司,26,光電業,2026-03-01,14.32
3413.TW,京鼎精密科技股份有限公司,24,半導體業,2026-03-01,26.77
3416.TW,融程電訊股份有限公司,25,電腦及週邊設備業,2026-03-01,13.73
3419.TW,譁裕實業股份有限公司,27,通信網路業,2026-03-01,0.44
3432.TW,台端興業股份有限公司,28,電子零組件業,2026-03-01,297.51
3437.TW,榮創能源科技股份有限公司,26,光電業,2026-03-01,-21.73
3443.TW,創意電子股份有限公司,24,半導體業,2026-03-01,33.48
3447.TW,展達通訊股份有限公司,27,通信網路業,2026-03-01,9.7
3450.TW,聯鈞光電股份有限公司,24,半導體業,2026-03-01,-25.59
3481.TW,群創光電股份有限公司,26,光電業,2026-03-01,33.1
3494.TW,誠研科技股份有限公司,25,電腦及週邊設備業,2026-03-01,16.59
3501.TW,維熹科技股份有限公司,28,電子零組件業,2026-03-01,-12.48
3504.TW,揚明光學股份有限公司,26,光電業,2026-03-01,21.57
3515.TW,華擎科技股份有限公司,25,電腦及週邊設備業,2026-03-01,55.06
3518.TW,柏騰科技股份有限公司,31,其他電子業,2026-03-01,-40.26
3528.TW,安馳科技股份有限公司,29,電子通路業,2026-03-01,132.45
3530.TW,晶相光電股份有限公司,24,半導體業,2026-03-01,52.43
3532.TW,台塑勝高科技股份有限公司,24,半導體業,2026-03-01,15.78
3533.TW,嘉澤端子工業股份有限公司,28,電子零組件業,2026-03-01,23.4
3535.TW,晶彩科技股份有限公司,26,光電業,2026-03-01,-9.27
3543.TW,州巧科技股份有限公司,26,光電業,2026-03-01,-8.81
3545.TW,敦泰電子股份有限公司,24,半導體業,2026-03-01,-14.36
3550.TW,聯穎科技股份有限公司,28,電子零組件業,2026-03-01,29.91
3557.TW,嘉威生活股份有限公司,38,居家生活,2026-03-01,-35.91
3563.TW,牧德科技股份有限公司,26,光電業,2026-03-01,11.1
3576.TW,聯合再生能源股份有限公司,26,光電業,2026-03-01,-41.39
3583.TW,辛耘企業股份有限公司,24,半導體業,2026-03-01,6.08
3588.TW,通嘉科技股份有限公司,24,半導體業,2026-03-01,28.73
3591.TW,艾笛森光電股份有限公司,26,光電業,2026-03-01,11.63
3592.TW,瑞鼎科技股份有限公司,24,半導體業,2026-03-01,0.73
3593.TW,力銘科技股份有限公司,28,電子零組件業,2026-03-01,-50.03
3596.TW,智易科技股份有限公司,27,通信網路業,2026-03-01,1.64
3605.TW,宏致電子股份有限公司,28,電子零組件業,2026-03-01,3.35
3607.TW,谷崧精密工業股份有限公司,28,電子零組件業,2026-03-01,9.05
3617.TW,碩天科技股份有限公司,31,其他電子業,2026-03-01,6.94
3622.TW,洋華光電股份有限公司,26,光電業,2026-03-01,-2.38
3645.TW,達邁科技股份有限公司,28,電子零組件業,2026-03-01,23.85
3652.TW,精聯電子股份有限公司,25,電腦及週邊設備業,2026-03-01,8.87
3653.TW,健策精密工業股份有限公司,28,電子零組件業,2026-03-01,18.86
3661.TW,世芯電子股份有限公司,24,半導體業,2026-03-01,-46.57
3665.TW,貿聯控股(BizLink Holding Inc.),31,其他電子業,2026-03-01,22.21
3669.TW,圓展科技股份有限公司,27,通信網路業,2026-03-01,29.05
3673.TW,"TPK Holding Co., Ltd.",26,光電業,2026-03-01,23.59
3679.TW,新至陞科技股份有限公司,28,電子零組件業,2026-03-01,-8.89
3686.TW,達能科技股份有限公司,24,半導體業,2026-03-01,85.92
3694.TW,海華科技股份有限公司,27,通信網路業,2026-03-01,27.33
3701.TW,大眾全球投資控股股份有限公司,25,電腦及週邊設備業,2026-03-01,-30.35
3702.TW,大聯大控股股份有限公司,29,電子通路業,2026-03-01,28.58
3703.TW,欣陸投資控股股份有限公司,14,建材營造業,2026-03-01,0.82
3704.TW,合勤投資控股股份有限公司,27,通信網路業,2026-03-01,25.15
3705.TW,永信國際投資控股股份有限公司,22,生技醫療業,2026-03-01,-23.71
3706.TW,神達控股股份有限公司,25,電腦及週邊設備業,2026-03-01,43.18
3708.TW,上緯國際投資控股股份有限公司,35,綠能環保,2026-03-01,7.3
3711.TW,日月光投資控股股份有限公司,24,半導體業,2026-03-01,14.57
3712.TW,永崴投資控股股份有限公司,25,電腦及週邊設備業,2026-03-01,-8.7
3714.TW,富采控股股份有限公司,26,光電業,2026-03-01,-6.51
3715.TW,定穎投資控股股份有限公司,28,電子零組件業,2026-03-01,41.91
3716.TW,中化控股股份有限公司,22,生技醫療業,2026-03-01,0.12
4104.TW,佳醫健康事業股份有限公司,22,生技醫療業,2026-03-01,15.05
4106.TW,雃博股份有限公司,22,生技醫療業,2026-03-01,6.95
4108.TW,懷特生技新藥股份有限公司,22,生技醫療業,2026-03-01,-21.42
4119.TW,旭富製藥科技股份有限公司,22,生技醫療業,2026-03-01,-24.38
4133.TW,亞諾法生技股份有限公司,22,生技醫療業,2026-03-01,-4.13
4137.TW,麗豐股份有限公司,22,生技醫療業,2026-03-01,3.66
4142.TW,國光生物科技股份有限公司,22,生技醫療業,2026-03-01,2102.66
4148.TW,全宇生技控股有限公司,22,生技醫療業,2026-03-01,-18.62
4155.TW,訊映光電股份有限公司,22,生技醫療業,2026-03-01,-10.39
4164.TW,承業生醫投資控股股份有限公司,22,生技醫療業,2026-03-01,3.36
4169.TW,泰宗生物科技股份有限公司,22,生技醫療業,2026-03-01,9.1
4190.TW,佐登妮絲集團股份有限公司,22,生技醫療業,2026-03-01,-0.51
4306.TW,炎洲股份有限公司,3,塑膠工業,2026-03-01,14.96
4414.TW,如興股份有限公司,4,紡織纖維,2026-03-01,8.99
4426.TW,利勤實業股份有限公司,4,紡織纖維,2026-03-01,2.37
4438.TW,廣越企業股份有限公司,4,紡織纖維,2026-03-01,5.02
4439.TW,冠星集團控股有限公司,4,紡織纖維,2026-03-01,10.19
4440.TW,宜新實業股份有限公司,4,紡織纖維,2026-03-01,58.72
4441.TW,振大環球股份有限公司,4,紡織纖維,2026-03-01,10.68
4526.TW,東台精機股份有限公司,5,電機機械,2026-03-01,-34.06
4532.TW,瑞智精密股份有限公司,5,電機機械,2026-03-01,-3.34
4536.TW,拓凱實業股份有限公司,37,運動休閒,2026-03-01,-7.95
4540.TW,全球傳動科技股份有限公司,5,電機機械,2026-03-01,75.05
4545.TW,銘鈺精密工業股份有限公司,28,電子零組件業,2026-03-01,-23.99
4551.TW,智伸科技股份有限公司,12,汽車工業,2026-03-01,20.12
4552.TW,力達控股有限公司,5,電機機械,2026-03-01,-6.13
4555.TW,台灣氣立股份有限公司,5,電機機械,2026-03-01,-5.56
4557.TW,永新控股股份有限公司,12,汽車工業,2026-03-01,-30.63
4560.TW,強信機械科技股份有限公司,5,電機機械,2026-03-01,2.31
4562.TW,穎漢科技股份有限公司,5,電機機械,2026-03-01,6.08
4564.TW,元翎精密工業股份有限公司,5,電機機械,2026-03-01,-49.58
4566.TW,時碩工業股份有限公司,5,電機機械,2026-03-01,12.61
4569.TW,六方科技股份有限公司,12,汽車工業,2026-03-01,9.49
4571.TW,鈞興機電國際股份有限公司,5,電機機械,2026-03-01,-7.36
4572.TW,駐龍精密機械股份有限公司,5,電機機械,2026-03-01,9.6
4576.TW,大銀微系統股份有限公司,5,電機機械,2026-03-01,49.5
4581.TW,World Known MFG(Cayman)Limited,12,汽車工業,2026-03-01,4.04
4583.TW,台灣精銳科技股份有限公司,5,電機機械,2026-03-01,4.36
4585.TW,達明機器人股份有限公司,31,其他電子業,2026-03-01,2.13
4588.TW,玖鼎電力資訊股份有限公司,31,其他電子業,2026-03-01,41.69
4590.TW,富田電機股份有限公司,5,電機機械,2026-03-01,-24.71
4720.TW,德淵企業股份有限公司,21,化學工業,2026-03-01,25.16
4722.TW,國精化學股份有限公司,21,化學工業,2026-03-01,-10.75
4736.TW,泰博科技股份有限公司,22,生技醫療業,2026-03-01,48.7
4737.TW,華廣生技股份有限公司,22,生技醫療業,2026-03-01,4.74
4739.TW,康普材料科技股份有限公司,21,化學工業,2026-03-01,103.62
4746.TW,台耀化學股份有限公司,22,生技醫療業,2026-03-01,-5.98
4755.TW,三福化工股份有限公司,21,化學工業,2026-03-01,-7.11
4763.TW,濟南大自然新材料股份有限公司,21,化學工業,2026-03-01,-35.6
4764.TW,雙鍵化工股份有限公司,21,化學工業,2026-03-01,50.27
4766.TW,南寶樹脂化學工廠股份有限公司,21,化學工業,2026-03-01,17.37
4770.TW,上品綜合工業股份有限公司,21,化學工業,2026-03-01,14.81
4771.TW,望隼科技股份有限公司,22,生技醫療業,2026-03-01,18.16
4807.TW,日成控股股份有限公司,18,貿易百貨業,2026-03-01,61.16
4904.TW,遠傳電信股份有限公司,27,通信網路業,2026-03-01,3.65
4906.TW,正文科技股份有限公司,27,通信網路業,2026-03-01,-39.83
4912.TW,聯德控股股份有限公司,28,電子零組件業,2026-03-01,8.9
4915.TW,致伸科技股份有限公司,28,電子零組件業,2026-03-01,3.83
4916.TW,事欣科技股份有限公司,25,電腦及週邊設備業,2026-03-01,21.57
4919.TW,新唐科技股份有限公司,24,半導體業,2026-03-01,-6.06
4927.TW,泰鼎國際股份有限公司,28,電子零組件業,2026-03-01,-10.65
4930.TW,燦星網通股份有限公司,6,電器電纜,2026-03-01,-34.26
4934.TW,太極能源科技股份有限公司,26,光電業,2026-03-01,152.14
4935.TW,茂林光電科技(開曼)股份有限公司,26,光電業,2026-03-01,-28.12
4938.TW,和碩聯合科技股份有限公司,25,電腦及週邊設備業,2026-03-01,-0.79
4942.TW,嘉彰股份有限公司,26,光電業,2026-03-01,-12.81
4943.TW,開曼康而富控股股份有限公司,28,電子零組件業,2026-03-01,46.29
4949.TW,有成精密股份有限公司,26,光電業,2026-03-01,42.24
4952.TW,凌通科技股份有限公司,24,半導體業,2026-03-01,10.09
4956.TW,光鋐科技股份有限公司,26,光電業,2026-03-01,12.6
4958.TW,臻鼎科技控股股份有限公司,28,電子零組件業,2026-03-01,7.18
4960.TW,誠美材料科技股份有限公司,26,光電業,2026-03-01,-23.86
4961.TW,天鈺科技股份有限公司,24,半導體業,2026-03-01,2.06
4967.TW,十銓科技股份有限公司,24,半導體業,2026-03-01,120.49
4968.TW,立積電子股份有限公司,24,半導體業,2026-03-01,3.33
4976.TW,佳凌科技股份有限公司,26,光電業,2026-03-01,0.68
4977.TW,眾達科技股份有限公司,27,通信網路業,2026-03-01,-19.39
4989.TW,李長榮科技股份有限公司,28,電子零組件業,2026-03-01,53.99
4994.TW,傳奇網路遊戲股份有限公司,30,資訊服務業,2026-03-01,22.9
4999.TW,鑫禾科技股份有限公司,28,電子零組件業,2026-03-01,-13.9
5007.TW,三星科技股份有限公司,10,鋼鐵工業,2026-03-01,-7.07
5203.TW,訊連科技股份有限公司,30,資訊服務業,2026-03-01,0.34
5215.TW,科嘉(開曼)股份有限公司,25,電腦及週邊設備業,2026-03-01,17.16
5222.TW,全訊科技股份有限公司,24,半導體業,2026-03-01,-76.72
5225.TW,東科控股股份有限公司,31,其他電子業,2026-03-01,-2.25
5234.TW,達興材料股份有限公司,26,光電業,2026-03-01,5.52
5243.TW,乙盛精密工業股份有限公司,26,光電業,2026-03-01,-3.17
5244.TW,弘凱光電股份有限公司,26,光電業,2026-03-01,-18.76
5258.TW,虹堡科技股份有限公司,25,電腦及週邊設備業,2026-03-01,19.07
5269.TW,祥碩科技股份有限公司,24,半導體業,2026-03-01,39.89
5283.TW,禾聯碩股份有限公司,6,電器電纜,2026-03-01,-1.42
5284.TW,經寶精密控股股份有限公司,20,其他業,2026-03-01,47.49
5285.TW,界霖科技股份有限公司,24,半導體業,2026-03-01,-2.75
5288.TW,開曼商豐祥控股股份有限公司,5,電機機械,2026-03-01,23.06
5292.TW,華懋科技股份有限公司,35,綠能環保,2026-03-01,-0.54
5306.TW,桂盟國際股份有限公司,37,運動休閒,2026-03-01,0.99
5388.TW,中磊電子股份有限公司,27,通信網路業,2026-03-01,86.55
5434.TW,崇越科技股份有限公司,29,電子通路業,2026-03-01,30.64
5469.TW,瀚宇博德股份有限公司,28,電子零組件業,2026-03-01,47.37
5471.TW,松翰科技股份有限公司,24,半導體業,2026-03-01,24.01
5484.TW,慧友電子股份有限公司,26,光電業,2026-03-01,16.3
5515.TW,建國工程股份有限公司,14,建材營造業,2026-03-01,84.03
5519.TW,隆大營建事業股份有限公司,14,建材營造業,2026-03-01,-6.88
5521.TW,工信工程股份有限公司,14,建材營造業,2026-03-01,18.33
5522.TW,遠雄建設事業股份有限公司,14,建材營造業,2026-03-01,16.55
5525.TW,順天建設股份有限公司,14,建材營造業,2026-03-01,1247.87
5531.TW,鄉林建設事業股份有限公司,14,建材營造業,2026-03-01,39.05
5533.TW,皇鼎建設開發股份有限公司,14,建材營造業,2026-03-01,61.27
5534.TW,長虹建設股份有限公司,14,建材營造業,2026-03-01,-5.83
5538.TW,開曼東明控股股份有限公司,10,鋼鐵工業,2026-03-01,-1.44
5546.TW,永固集團股份有限公司,14,建材營造業,2026-03-01,-66.68
5607.TW,遠雄自貿港投資控股股份有限公司,15,航運業,2026-03-01,38.85
5608.TW,四維航業股份有限公司,15,航運業,2026-03-01,6.09
5706.TW,鳳凰國際旅行社股份有限公司,16,觀光餐旅,2026-03-01,-21.29
5871.TW,中租控股股份有限公司,20,其他業,2026-03-01,-2.86
5876.TW,上海商業儲蓄銀行股份有限公司,17,金融保險業,2026-03-01,-3.23
5880.TW,合作金庫金融控股股份有限公司,17,金融保險業,2026-03-01,5.33
5906.TW,台南生活(開曼)股份有限公司,18,貿易百貨業,2026-03-01,-7.16
5907.TW,Grand Ocean RetailGroupLimited,18,貿易百貨業,2026-03-01,-12.82
6005.TW,群益金鼎證券股份有限公司,17,金融保險業,2026-03-01,53.34
6024.TW,群益期貨股份有限公司,17,金融保險業,2026-03-01,33.63
6108.TW,競國實業股份有限公司,28,電子零組件業,2026-03-01,22.42
6112.TW,邁達特數位股份有限公司,30,資訊服務業,2026-03-01,40.12
6115.TW,鎰勝工業股份有限公司,28,電子零組件業,2026-03-01,4.55
6116.TW,瀚宇彩晶股份有限公司,26,光電業,2026-03-01,10.06
6117.TW,迎廣科技股份有限公司,25,電腦及週邊設備業,2026-03-01,31.53
6120.TW,達運精密工業股份有限公司,26,光電業,2026-03-01,8.41
6128.TW,上福全球科技股份有限公司,25,電腦及週邊設備業,2026-03-01,2.55
6133.TW,金橋科技股份有限公司,28,電子零組件業,2026-03-01,-1.12
6136.TW,富爾特科技股份有限公司,27,通信網路業,2026-03-01,46.58
6139.TW,亞翔工程股份有限公司,31,其他電子業,2026-03-01,47.45
6141.TW,柏承科技股份有限公司,28,電子零組件業,2026-03-01,9.42
6142.TW,友勁科技股份有限公司,27,通信網路業,2026-03-01,2.75
6152.TW,百一電子股份有限公司,27,通信網路業,2026-03-01,-21.94
6153.TW,嘉聯益科技股份有限公司,28,電子零組件業,2026-03-01,1.2
6155.TW,鈞寶電子工業股份有限公司,28,電子零組件業,2026-03-01,6.54
6164.TW,華興電子工業股份有限公司,26,光電業,2026-03-01,-26.99
6165.TW,浪凡網路科技股份有限公司,36,數位雲端,2026-03-01,2.95
6166.TW,凌華科技股份有限公司,25,電腦及週邊設備業,2026-03-01,28.76
6168.TW,宏齊科技股份有限公司,26,光電業,2026-03-01,-0.94
6176.TW,瑞儀光電股份有限公司,26,光電業,2026-03-01,-3.75
6177.TW,達麗建設事業股份有限公司,14,建材營造業,2026-03-01,154.38
6183.TW,關貿網路股份有限公司,30,資訊服務業,2026-03-01,14.28
6184.TW,大豐有線電視股份有限公司,20,其他業,2026-03-01,1.21
6189.TW,豐藝電子股份有限公司,29,電子通路業,2026-03-01,7.38
6191.TW,精成科技股份有限公司,28,電子零組件業,2026-03-01,78.22
6192.TW,巨路國際股份有限公司,31,其他電子業,2026-03-01,-0.6
6196.TW,帆宣系統科技股份有限公司,31,其他電子業,2026-03-01,17.51
6197.TW,佳必琪國際股份有限公司,28,電子零組件業,2026-03-01,12.34
6201.TW,亞弘電科技股份有限公司,31,其他電子業,2026-03-01,6.29
6202.TW,盛群半導體股份有限公司,24,半導體業,2026-03-01,19.86
6205.TW,詮欣股份有限公司,28,電子零組件業,2026-03-01,-16.67
6206.TW,飛捷科技股份有限公司,25,電腦及週邊設備業,2026-03-01,18.2
6209.TW,今國光學工業股份有限公司,26,光電業,2026-03-01,75.59
6213.TW,聯茂電子股份有限公司,28,電子零組件業,2026-03-01,13.8
6214.TW,精誠資訊股份有限公司,30,資訊服務業,2026-03-01,31.49
6215.TW,和椿科技股份有限公司,31,其他電子業,2026-03-01,48.55
6216.TW,居易科技股份有限公司,27,通信網路業,2026-03-01,-35.75
6224.TW,聚鼎科技股份有限公司,28,電子零組件業,2026-03-01,1.85
6225.TW,天瀚科技股份有限公司,26,光電業,2026-03-01,-30.26
6226.TW,光鼎電子股份有限公司,26,光電業,2026-03-01,-0.8
6230.TW,尼得科超眾科技股份有限公司,25,電腦及週邊設備業,2026-03-01,12.11
6235.TW,華孚科技股份有限公司,25,電腦及週邊設備業,2026-03-01,-6.82
6239.TW,力成科技股份有限公司,24,半導體業,2026-03-01,35.15
6243.TW,迅杰科技股份有限公司,24,半導體業,2026-03-01,-48.14
6257.TW,矽格股份有限公司,24,半導體業,2026-03-01,16.75
6269.TW,台郡科技股份有限公司,28,電子零組件業,2026-03-01,8.56
6271.TW,同欣電子工業股份有限公司,24,半導體業,2026-03-01,-4.62
6272.TW,驊陞科技股份有限公司,28,電子零組件業,2026-03-01,-29.71
6277.TW,宏正自動科技股份有限公司,25,電腦及週邊設備業,2026-03-01,-0.33
6278.TW,台灣表面黏著科技股份有限公司,26,光電業,2026-03-01,-2.63
6281.TW,全國電子股份有限公司,29,電子通路業,2026-03-01,-1.45
6282.TW,康舒科技股份有限公司,28,電子零組件業,2026-03-01,18.03
6283.TW,淳安電子股份有限公司,31,其他電子業,2026-03-01,31.64
6285.TW,啟碁科技股份有限公司,27,通信網路業,2026-03-01,3.8
6405.TW,悅城科技股份有限公司,26,光電業,2026-03-01,-76.0
6409.TW,旭隼科技股份有限公司,31,其他電子業,2026-03-01,-21.96
6412.TW,群光電能科技股份有限公司,28,電子零組件業,2026-03-01,-5.19
6414.TW,樺漢科技股份有限公司,25,電腦及週邊設備業,2026-03-01,19.23
6415.TW,矽力杰股份有限公司,24,半導體業,2026-03-01,12.03
6416.TW,瑞祺電通股份有限公司,27,通信網路業,2026-03-01,7.87
6426.TW,統新光訊股份有限公司,27,通信網路業,2026-03-01,70.04
6431.TW,光麗生技控股股份有限公司,22,生技醫療業,2026-03-01,-32.14
6438.TW,迅得機械股份有限公司,31,其他電子業,2026-03-01,15.66
6442.TW,光紅建聖股份有限公司,27,通信網路業,2026-03-01,75.56
6443.TW,元晶太陽能科技股份有限公司,26,光電業,2026-03-01,-63.69
6446.TW,藥華醫藥股份有限公司,22,生技醫療業,2026-03-01,64.35
6449.TW,鈺邦科技股份有限公司,28,電子零組件業,2026-03-01,15.0
6451.TW,訊芯科技控股股份有限公司,24,半導體業,2026-03-01,-25.39
6456.TW,GIS Holding Limited,26,光電業,2026-03-01,-15.22
6464.TW,台灣數位光訊科技股份有限公司,20,其他業,2026-03-01,-7.88
6472.TW,保瑞藥業股份有限公司,22,生技醫療業,2026-03-01,6.28
6477.TW,安集科技股份有限公司,26,光電業,2026-03-01,64.63
6491.TW,晶碩光學股份有限公司,22,生技醫療業,2026-03-01,18.19
6504.TW,南六企業股份有限公司,20,其他業,2026-03-01,9.39
6505.TW,台塑石化股份有限公司,23,油電燃氣業,2026-03-01,7.8
6515.TW,穎崴科技股份有限公司,24,半導體業,2026-03-01,69.25
6525.TW,捷敏股份有限公司,24,半導體業,2026-03-01,11.93
6526.TW,達發科技股份有限公司,24,半導體業,2026-03-01,5.7
6531.TW,愛普科技股份有限公司,24,半導體業,2026-03-01,112.62
6533.TW,晶心科技股份有限公司,24,半導體業,2026-03-01,39.51
6534.TW,正瀚生技股份有限公司,22,生技醫療業,2026-03-01,2.46
6541.TW,泰福生技股份有限公司,22,生技醫療業,2026-03-01,134.69
6550.TW,北極星藥業集團股份有限公司,22,生技醫療業,2026-03-01,-59.74
6552.TW,易華電子股份有限公司,24,半導體業,2026-03-01,-25.28
6558.TW,興能高科技股份有限公司,31,其他電子業,2026-03-01,19.81
6573.TW,虹揚發展科技股份有限公司,24,半導體業,2026-03-01,-21.76
6579.TW,研揚科技股份有限公司,25,電腦及週邊設備業,2026-03-01,16.17
6581.TW,台灣鋼聯股份有限公司,35,綠能環保,2026-03-01,-29.9
6582.TW,申豐特用應材股份有限公司,11,橡膠工業,2026-03-01,-68.55
6585.TW,鼎基先進材料股份有限公司,20,其他業,2026-03-01,-12.74
6589.TW,台康生技股份有限公司,22,生技醫療業,2026-03-01,28.22
6591.TW,動力科技股份有限公司,25,電腦及週邊設備業,2026-03-01,-44.33
6592.TW,和潤企業股份有限公司,20,其他業,2026-03-01,-4.66
6598.TW,Applied BioCode Corporation,22,生技醫療業,2026-03-01,72.55
6605.TW,帝寶工業股份有限公司,12,汽車工業,2026-03-01,-14.31
6606.TW,建德工業股份有限公司,5,電機機械,2026-03-01,23.08
6614.TW,資拓宏宇國際股份有限公司,36,數位雲端,2026-03-01,15.51
6625.TW,必應創造股份有限公司,20,其他業,2026-03-01,133.6
6641.TW,基士德科技股份有限公司,35,綠能環保,2026-03-01,-11.62
6645.TW,金萬林企業股份有限公司,22,生技醫療業,2026-03-01,14.88
6655.TW,科定企業股份有限公司,20,其他業,2026-03-01,30.73
6657.TW,華安醫學股份有限公司,22,生技醫療業,2026-03-01,50.21
6658.TW,聯策科技股份有限公司,31,其他電子業,2026-03-01,60.87
6666.TW,羅麗芬控股股份有限公司,22,生技醫療業,2026-03-01,-14.83
6668.TW,中揚光電股份有限公司,26,光電業,2026-03-01,8.49
6669.TW,緯穎科技服務股份有限公司,25,電腦及週邊設備業,2026-03-01,13.87
6670.TW,復盛應用科技股份有限公司,37,運動休閒,2026-03-01,-1.75
6671.TW,三能集團控股股份有限公司,38,居家生活,2026-03-01,-31.71
6672.TW,騰輝電子國際集團股份有限公司,28,電子零組件業,2026-03-01,32.73
6674.TW,鋐寶科技股份有限公司,27,通信網路業,2026-03-01,55.41
6689.TW,伊雲谷數位科技股份有限公司,36,數位雲端,2026-03-01,-8.19
6691.TW,洋基工程股份有限公司,31,其他電子業,2026-03-01,112.73
6695.TW,芯鼎科技股份有限公司,24,半導體業,2026-03-01,-4.75
6698.TW,旭暉應用材料股份有限公司,31,其他電子業,2026-03-01,-31.02
6706.TW,惠特科技股份有限公司,26,光電業,2026-03-01,-59.57
6715.TW,嘉基科技股份有限公司,28,電子零組件業,2026-03-01,9.55
6719.TW,力智電子股份有限公司,24,半導體業,2026-03-01,-10.35
6722.TW,輝創電子股份有限公司,31,其他電子業,2026-03-01,3.52
6742.TW,澤米科技股份有限公司,26,光電業,2026-03-01,-53.51
6743.TW,安普新股份有限公司,31,其他電子業,2026-03-01,-6.43
6753.TW,龍德造船工業股份有限公司,15,航運業,2026-03-01,18.41
6754.TW,匯僑室內裝修設計股份有限公司,38,居家生活,2026-03-01,0.32
6756.TW,威鋒電子股份有限公司,24,半導體業,2026-03-01,16.51
6757.TW,台灣虎航股份有限公司,15,航運業,2026-03-01,27.0
6768.TW,志強國際企業股份有限公司,37,運動休閒,2026-03-01,-2.96
6770.TW,力晶積成電子製造股份有限公司,24,半導體業,2026-03-01,28.25
6771.TW,平和環保科技股份有限公司,35,綠能環保,2026-03-01,-14.72
6776.TW,展碁國際股份有限公司,29,電子通路業,2026-03-01,23.93
6781.TW,"AES Holding Co., Ltd.",28,電子零組件業,2026-03-01,25.64
6782.TW,視陽光學股份有限公司,22,生技醫療業,2026-03-01,32.36
6789.TW,采鈺科技股份有限公司,24,半導體業,2026-03-01,6.24
6790.TW,永豐餘消費品實業股份有限公司,9,造紙工業,2026-03-01,-2.42
6792.TW,詠業科技股份有限公司,27,通信網路業,2026-03-01,2.09
6794.TW,向榮生醫科技股份有限公司,22,生技醫療業,2026-03-01,-66.37
6796.TW,晉弘科技股份有限公司,22,生技醫療業,2026-03-01,8.79
6799.TW,來頡科技股份有限公司,24,半導體業,2026-03-01,0.07
6805.TW,富世達股份有限公司,28,電子零組件業,2026-03-01,95.02
6806.TW,森崴能源股份有限公司,35,綠能環保,2026-03-01,-16.29
6807.TW,峰源集團股份有限公司,38,居家生活,2026-03-01,-39.14
6830.TW,汎銓科技股份有限公司,31,其他電子業,2026-03-01,22.88
6831.TW,邁&#33834;科技股份有限公司,25,電腦及週邊設備業,2026-03-01,38.21
6834.TW,天二科技股份有限公司,28,電子零組件業,2026-03-01,32.6
6835.TW,圓裕企業股份有限公司,28,電子零組件業,2026-03-01,-2.25
6854.TW,PlayNitride Inc.,24,半導體業,2026-03-01,-29.76
6861.TW,睿生光電股份有限公司,22,生技醫療業,2026-03-01,52.61
6862.TW,三集瑞科技國際集團股份有限公司,28,電子零組件業,2026-03-01,-16.93
6863.TW,Arizon RFID Technology,27,通信網路業,2026-03-01,7.1
6869.TW,雲豹能源科技股份有限公司,35,綠能環保,2026-03-01,99.33
6873.TW,泓德能源科技股份有限公司,35,綠能環保,2026-03-01,10.6
6885.TW,全福生物科技股份有限公司,22,生技醫療業,2026-03-01,3548.48
6887.TW,寶綠特資源再生工程股份有限公司,35,綠能環保,2026-03-01,-32.59
6890.TW,來億興業股份有限公司,37,運動休閒,2026-03-01,-20.59
6901.TW,鑽石生技投資股份有限公司,20,其他業,2026-03-01,86.87
6902.TW,走著瞧股份有限公司,36,數位雲端,2026-03-01,26.12
6906.TW,現觀科技股份有限公司,36,數位雲端,2026-03-01,-0.58
6908.TW,宏碁遊戲股份有限公司,29,電子通路業,2026-03-01,56.68
6909.TW,創控科技股份有限公司,24,半導體業,2026-03-01,-9.62
6914.TW,阜爾運通股份有限公司,20,其他業,2026-03-01,11.5
6916.TW,華凌光電股份有限公司,26,光電業,2026-03-01,17.01
6918.TW,愛派司生技股份有限公司,22,生技醫療業,2026-03-01,16.18
6921.TW,嘉雨思科技股份有限公司,24,半導體業,2026-03-01,-43.76
6923.TW,中台資源科技股份有限公司,35,綠能環保,2026-03-01,4.27
6924.TW,榮惠集團(開曼)股份有限公司,28,電子零組件業,2026-03-01,-1.98
6928.TW,攸泰科技股份有限公司,25,電腦及週邊設備業,2026-03-01,-18.16
6931.TW,青松健康股份有限公司,22,生技醫療業,2026-03-01,22.24
6933.TW,艾瑪斯科技控股股份有限公司,25,電腦及週邊設備業,2026-03-01,-12.39
6934.TW,心誠鎂行動醫電股份有限公司,22,生技醫療業,2026-03-01,-53.06
6936.TW,永鴻國際生技股份有限公司,22,生技醫療業,2026-03-01,15.7
6937.TW,天虹科技股份有限公司,24,半導體業,2026-03-01,26.65
6944.TW,兆聯實業股份有限公司,35,綠能環保,2026-03-01,23.45
6949.TW,沛爾生技醫藥股份有限公司,22,生技醫療業,2026-03-01,74.54
6951.TW,青新環境工程股份有限公司,35,綠能環保,2026-03-01,24.75
6952.TW,大武山牧場科技股份有限公司,20,其他業,2026-03-01,63.85
6955.TW,邦睿生技股份有限公司,22,生技醫療業,2026-03-01,20.22
6957.TW,裕慶金屬股份有限公司,20,其他業,2026-03-01,77.63
6958.TW,日盛台駿國際租賃股份有限公司,20,其他業,2026-03-01,-10.74
6962.TW,ITH Corporation,24,半導體業,2026-03-01,-13.19
6965.TW,中傑投資控股股份有限公司,37,運動休閒,2026-03-01,-21.34
6969.TW,成信實業股份有限公司,35,綠能環保,2026-03-01,-13.29
6988.TW,威力暘電子股份有限公司,12,汽車工業,2026-03-01,-19.17
6994.TW,富威電力股份有限公司,35,綠能環保,2026-03-01,186.91
7610.TW,聯友金屬科技股份有限公司,35,綠能環保,2026-03-01,958.98
7631.TW,聚賢研發股份有限公司,31,其他電子業,2026-03-01,55.42
7705.TW,三商餐飲股份有限公司,16,觀光餐旅,2026-03-01,8.6
7711.TW,永擎電子股份有限公司,25,電腦及週邊設備業,2026-03-01,206.17
7721.TW,微程式資訊股份有限公司,36,數位雲端,2026-03-01,29.61
7722.TW,連加網路商業股份有限公司,36,數位雲端,2026-03-01,15.25
7730.TW,暉盛科技股份有限公司,24,半導體業,2026-03-01,-25.22
7732.TW,金興精密工業股份有限公司,12,汽車工業,2026-03-01,-8.75
7736.TW,虎山實業股份有限公司,12,汽車工業,2026-03-01,-19.95
7740.TW,熙特爾新能源股份有限公司,35,綠能環保,2026-03-01,3063.23
7749.TW,意騰科技股份有限公司,24,半導體業,2026-03-01,109.2
7750.TW,新代科技股份有限公司,5,電機機械,2026-03-01,48.61
7765.TW,中華資安國際股份有限公司,36,數位雲端,2026-03-01,22.58
7769.TW,鴻勁精密股份有限公司,24,半導體業,2026-03-01,111.27
7780.TW,大研生醫國際股份有限公司,2,食品工業,2026-03-01,40.91
7786.TW,東方風能科技股份有限公司,35,綠能環保,2026-03-01,80.48
7788.TW,松川精密股份有限公司,28,電子零組件業,2026-03-01,13.29
7791.TW,皇家可口股份有限公司,2,食品工業,2026-03-01,-9.47
7795.TW,長廣精機股份有限公司,28,電子零組件業,2026-03-01,-12.82
7799.TW,禾榮科技股份有限公司,22,生技醫療業,2026-03-01,349.34
7822.TW,倍利科技股份有限公司,24,半導體業,2026-03-01,83.02
7823.TW,奧義賽博科技股份有限公司,36,數位雲端,2026-03-01,33.21
8011.TW,台通光電股份有限公司,27,通信網路業,2026-03-01,-27.67
8016.TW,矽創電子股份有限公司,24,半導體業,2026-03-01,29.27
8021.TW,尖點科技股份有限公司,31,其他電子業,2026-03-01,51.36
8028.TW,昇陽國際半導體股份有限公司,24,半導體業,2026-03-01,25.57
8033.TW,雷虎科技股份有限公司,20,其他業,2026-03-01,5.28
8039.TW,台虹科技股份有限公司,28,電子零組件業,2026-03-01,10.46
8045.TW,達運光電股份有限公司,27,通信網路業,2026-03-01,28.87
8046.TW,南亞電路板股份有限公司,28,電子零組件業,2026-03-01,39.03
8070.TW,長華電材股份有限公司,29,電子通路業,2026-03-01,32.35
8072.TW,陞泰科技股份有限公司,29,電子通路業,2026-03-01,40.01
8081.TW,致新科技股份有限公司,24,半導體業,2026-03-01,-0.93
8101.TW,華冠通訊股份有限公司,27,通信網路業,2026-03-01,-7.18
8103.TW,瀚荃股份有限公司,28,電子零組件業,2026-03-01,25.79
8104.TW,錸寶科技股份有限公司,26,光電業,2026-03-01,-36.73
8105.TW,凌巨科技股份有限公司,26,光電業,2026-03-01,4.77
8110.TW,華東科技股份有限公司,24,半導體業,2026-03-01,11.55
8112.TW,至上電子股份有限公司,29,電子通路業,2026-03-01,191.71
8114.TW,振樺電子股份有限公司,25,電腦及週邊設備業,2026-03-01,-50.71
8131.TW,福懋科技股份有限公司,24,半導體業,2026-03-01,33.75
8150.TW,南茂科技股份有限公司,24,半導體業,2026-03-01,23.13
8162.TW,微矽電子股份有限公司,24,半導體業,2026-03-01,2.3
8163.TW,達方電子股份有限公司,25,電腦及週邊設備業,2026-03-01,20.85
8201.TW,無敵科技股份有限公司,31,其他電子業,2026-03-01,2.8
8210.TW,勤誠興業股份有限公司,25,電腦及週邊設備業,2026-03-01,44.72
8213.TW,志超科技股份有限公司,28,電子零組件業,2026-03-01,-3.08
8215.TW,明基材料股份有限公司,26,光電業,2026-03-01,-3.14
8222.TW,寶一科技股份有限公司,5,電機機械,2026-03-01,-10.12
8249.TW,菱光科技股份有限公司,28,電子零組件業,2026-03-01,8.33
8261.TW,富鼎先進電子股份有限公司,24,半導體業,2026-03-01,10.86
8271.TW,宇瞻科技股份有限公司,24,半導體業,2026-03-01,292.71
8341.TW,日友環保科技股份有限公司,35,綠能環保,2026-03-01,7.09
8367.TW,建新國際股份有限公司,15,航運業,2026-03-01,6.96
8374.TW,羅昇企業股份有限公司,5,電機機械,2026-03-01,43.64
8404.TW,百和興業股份有限公司(開曼),20,其他業,2026-03-01,-5.9
8411.TW,福貞控股股份有限公司,20,其他業,2026-03-01,17.37
8422.TW,可寧衛股份有限公司,35,綠能環保,2026-03-01,1.5
8429.TW,金麗集團控股有限公司,18,貿易百貨業,2026-03-01,4.72
8438.TW,昶昕實業股份有限公司,35,綠能環保,2026-03-01,20.75
8442.TW,威宏控股股份有限公司,20,其他業,2026-03-01,0.46
8443.TW,阿瘦實業股份有限公司,18,貿易百貨業,2026-03-01,-8.25
8454.TW,富邦媒體科技股份有限公司,36,數位雲端,2026-03-01,2.07
8462.TW,柏文健康事業股份有限公司,37,運動休閒,2026-03-01,21.92
8463.TW,潤泰精密材料股份有限公司,20,其他業,2026-03-01,2.71
8464.TW,億豐綜合工業股份有限公司,38,居家生活,2026-03-01,9.05
8466.TW,美吉吉國際股份有限公司,20,其他業,2026-03-01,-64.14
8467.TW,波力環球企業股份有限公司,37,運動休閒,2026-03-01,-14.11
8473.TW,山林水環境工程股份有限公司,35,綠能環保,2026-03-01,8.99
8476.TW,台境企業股份有限公司,35,綠能環保,2026-03-01,-11.17
8478.TW,東哥企業股份有限公司,37,運動休閒,2026-03-01,95.86
8481.TW,政伸企業股份有限公司,20,其他業,2026-03-01,-7.94
8482.TW,商億全球控股有限公司,38,居家生活,2026-03-01,-11.16
8487.TW,愛爾達科技股份有限公司,36,數位雲端,2026-03-01,166.27
8488.TW,吉源控股股份有限公司,20,其他業,2026-03-01,63.44
8499.TW,鼎炫投資控股股份有限公司,31,其他電子業,2026-03-01,62.23
8926.TW,台灣汽電共生股份有限公司,23,油電燃氣業,2026-03-01,594.01
8940.TW,新天地國際實業股份有限公司,16,觀光餐旅,2026-03-01,-4.86
8996.TW,高力熱處理工業股份有限公司,5,電機機械,2026-03-01,205.35
9105.TW,泰金寶科技股份有限公司,91,91,2026-03-01,-14.85
9802.TW,鈺齊國際股份有限公司,37,運動休閒,2026-03-01,0.61
9902.TW,台火開發股份有限公司,20,其他業,2026-03-01,508.43
9904.TW,寶成工業股份有限公司,37,運動休閒,2026-03-01,-11.14
9905.TW,大華金屬工業股份有限公司,20,其他業,2026-03-01,-2.48
9906.TW,欣巴巴事業股份有限公司,14,建材營造業,2026-03-01,2226086.67
9907.TW,統一實業股份有限公司,20,其他業,2026-03-01,-16.8
9908.TW,大台北區瓦斯股份有限公司,23,油電燃氣業,2026-03-01,0.15
9910.TW,豐泰企業股份有限公司,37,運動休閒,2026-03-01,-7.66
9911.TW,台灣櫻花股份有限公司,38,居家生活,2026-03-01,3.43
9912.TW,偉聯科技股份有限公司,25,電腦及週邊設備業,2026-03-01,4.59
9914.TW,美利達工業股份有限公司,37,運動休閒,2026-03-01,-16.89
9917.TW,中興保全科技股份有限公司,20,其他業,2026-03-01,-1.04
9918.TW,欣欣天然氣股份有限公司,23,油電燃氣業,2026-03-01,-1.06
9919.TW,康那香企業股份有限公司,20,其他業,2026-03-01,-2.13
9921.TW,巨大機械工業股份有限公司,37,運動休閒,2026-03-01,-17.03
9924.TW,台灣福興工業股份有限公司,38,居家生活,2026-03-01,-19.26
9925.TW,台灣新光保全股份有限公司,20,其他業,2026-03-01,7.66
9926.TW,新海瓦斯股份有限公司,23,油電燃氣業,2026-03-01,3.82
9927.TW,泰銘實業股份有限公司,20,其他業,2026-03-01,23.44
9928.TW,中國電視事業股份有限公司,20,其他業,2026-03-01,-0.59
9929.TW,秋雨創新股份有限公司,20,其他業,2026-03-01,-1.66
9930.TW,中聯資源股份有限公司,35,綠能環保,2026-03-01,-5.35
9931.TW,欣高石油氣股份有限公司,23,油電燃氣業,2026-03-01,-11.92
9933.TW,中鼎工程股份有限公司,20,其他業,2026-03-01,-24.34
9934.TW,成霖企業股份有限公司,38,居家生活,2026-03-01,6.2
9935.TW,慶豐富實業股份有限公司,38,居家生活,2026-03-01,0.47
9937.TW,全國加油站股份有限公司,23,油電燃氣業,2026-03-01,0.4
9938.TW,台灣百和工業股份有限公司,20,其他業,2026-03-01,-7.89
9939.TW,宏全國際股份有限公司,20,其他業,2026-03-01,-4.03
9940.TW,信義房屋股份有限公司,20,其他業,2026-03-01,14.65
9941.TW,裕融企業股份有限公司,20,其他業,2026-03-01,-7.13
9942.TW,茂順密封元件科技股份有限公司,20,其他業,2026-03-01,10.46
9943.TW,好樂迪股份有限公司,16,觀光餐旅,2026-03-01,-26.71
9944.TW,新麗企業股份有限公司,20,其他業,2026-03-01,12.85
9945.TW,潤泰創新國際股份有限公司,20,其他業,2026-03-01,21.95
9946.TW,三發地產股份有限公司,14,建材營造業,2026-03-01,2175.61
9955.TW,佳龍科技工程股份有限公司,35,綠能環保,2026-03-01,48.81
9958.TW,世紀鋼鐵結構股份有限公司,10,鋼鐵工業,2026-03-01,23.75
